"coef","word"
0.952237206429523,"stupid"
0.647523477584436,"crap"
0.623256555691749,"get_life"
0.597405091322062,"motherfuck"
0.49442297765874,"whore"
0.486097069121483,"mother_fucker"
0.466015735683215,"son_bitch"
0.465745800011334,"pathet"
0.445387649062925,"wtf"
0.443966917077845,"fuck_idiot"
0.438034934571781,"go_suck"
0.435545904965346,"hell"
0.400596190432164,"dumb"
0.386726163143079,"piss"
0.386700063410064,"fuck_cunt"
0.371183582849784,"wanker"
0.341105703017964,"shove"
0.332324187292134,"fuck_asshol"
0.330205811352774,"scumbag"
0.325363278404266,"nerd"
0.309215620401526,"sick"
0.308434342746438,"filthi"
0.285316650533207,"fuck"
0.282878037763137,"fuck_shit"
0.281601651895548,"fuck_u"
0.276439222619623,"douchebag"
0.270738782055507,"dude"
0.241191808822552,"fuck_moron"
0.23650078574207,"racist"
0.236164657003787,"jerk"
0.230051023800611,"goddamn"
0.229436894953004,"queer"
0.207274833044472,"sucker"
0.202991201231192,"ugli"
0.20154443968436,"arrog"
0.201081052110957,"ur"
0.187557383252157,"yo"
0.183984157058875,"liar"
0.182252589190773,"anus"
0.17728175544083,"your"
0.177231485787695,"dare"
0.175803577867568,"dick"
0.17351459365186,"dirti"
0.167640566938786,"bloodi"
0.165825833411334,"coward"
0.162992118679145,"stop"
0.151901884843215,"disgust"
0.151314262441991,"fool"
0.139767274641912,"kiss"
0.138378707733197,"screw"
0.135075420366823,"pervert"
0.13498752227558,"littl_bitch"
0.106652991143104,"fuck_retard"
0.0900955371028433,"pedophil"
0.082402056972578,"basement"
0.0665382565629611,"stink"
0.0663584614884288,"vagina"
0.0634619360786841,"hypocrit"
0.0582130328554931,"jackass"
0.0515270437404966,"butt"
0.0466163322449399,"homosexu"
0.0437302197508403,"gonna"
0.0398794809502275,"garbag"
0.0276287866686161,"yank"
0.0249601965557004,"shit_fuck"
0.0206994872059705,"shame"
0.0204380056624117,"ha"
0.0185855242781788,"leav_alon"
0.0162710846745656,"ridicul"
0.0144632955515038,"fuckin"
0.0115563288098374,"life"
0.0113343349096608,"douch"
0.0104581095157991,"shit"
0.00889768778713516,"get_real"
0.00809884367049892,"bulli"
0.0035800811905613,"bitch"
0.00330126406079737,"get"
0.00307657017377712,"suck"
0.00231248265006477,"littl"
0.000939835247767675,"man"
0.000838726125616435,"asshol"
0,"think"
0,"find"
0,"suppos"
0,"concern"
0,"other"
0,"voic"
0,"back"
0,"juli"
0,"actual"
0,"august"
0,"find_refer"
0,"vandalis"
0,"fact"
0,"new"
0,"pov"
0,"well"
0,"begin"
0,"among"
0,"martin"
0,"state"
0,"remov"
0,"moreov"
0,"sign"
0,"spain"
0,"said"
0,"charact"
0,"therefor"
0,"specul"
0,"put"
0,"remov_list"
0,"move"
0,"idea"
0,"long"
0,"guy"
0,"pretti"
0,"person"
0,"detail"
0,"unsourc"
0,"frank"
0,"written"
0,"hammer"
0,"paragraph"
0,"well_written"
0,"one_two"
0,"leav"
0,"verif"
0,"present"
0,"sever"
0,"outright"
0,"fals"
0,"statement"
0,"serious"
0,"misrepres"
0,"item"
0,"wit"
0,"teach"
0,"blood"
0,"must"
0,"whole"
0,"mislead"
0,"impli"
0,"henc"
0,"view"
0,"forward"
0,"second"
0,"presid"
0,"joseph"
0,"franklin"
0,"lack"
0,"plain"
0,"per"
0,"se"
0,"never"
0,"medic"
0,"certain"
0,"product"
0,"deriv"
0,"becam"
0,"permiss"
0,"verifi"
0,"toler"
0,"earli"
0,"novemb"
0,"ten"
0,"month"
0,"offenc"
0,"evid"
0,"secret"
0,"taken"
0,"patent"
0,"materi"
0,"demonstr"
0,"open"
0,"accept"
0,"group"
0,"caus"
0,"mani"
0,"hospit"
0,"offer"
0,"medicin"
0,"anoth"
0,"horribl"
0,"come"
0,"organ"
0,"similar"
0,"referenc"
0,"either"
0,"qualif"
0,"address"
0,"subject"
0,"ignor"
0,"despit"
0,"revert"
0,"introduct"
0,"feed"
0,"nice"
0,"yet"
0,"answer"
0,"ask"
0,"relat"
0,"languag"
0,"ever"
0,"verifi_sourc"
0,"sourc_materi"
0,"answer_question"
0,"question_ask"
0,"feminist"
0,"topic"
0,"weird"
0,"comment"
0,"repres"
0,"oppos"
0,"viewpoint"
0,"still"
0,"somehow"
0,"neutral"
0,"earlier"
0,"somewhat"
0,"controversi"
0,"branch"
0,"psycholog"
0,"women"
0,"studi"
0,"regardless"
0,"suggest"
0,"everyon"
0,"read"
0,"follow"
0,"talk"
0,"give"
0,"admin"
0,"support"
0,"s"
0,"side"
0,"fill"
0,"complaint"
0,"may_ask"
0,"warn"
0,"delet"
0,"user"
0,"told"
0,"userpag"
0,"unfair"
0,"block"
0,"delet_user"
0,"block_user"
0,"v"
0,"work"
0,"deepli"
0,"human"
0,"condit"
0,"found"
0,"first"
0,"chang"
0,"decept"
0,"immedi"
0,"know"
0,"contact"
0,"subsequ"
0,"editor"
0,"direct"
0,"post"
0,"way"
0,"perhap"
0,"replac"
0,"best"
0,"fix"
0,"stand"
0,"quot"
0,"forth"
0,"opinion"
0,"interpret"
0,"write"
0,"near"
0,"much"
0,"destin"
0,"least"
0,"goal"
0,"frame"
0,"ultim"
0,"implic"
0,"worthwhil"
0,"everyth"
0,"greek"
0,"latin"
0,"classic"
0,"greatest"
0,"hollywood"
0,"propaganda"
0,"movi"
0,"proven"
0,"portray"
0,"larger"
0,"hero"
0,"true"
0,"unrel"
0,"continu"
0,"dark"
0,"face"
0,"toward"
0,"light"
0,"essenti"
0,"go"
0,"full"
0,"now"
0,"convinc"
0,"made"
0,"flat"
0,"factual"
0,"bit"
0,"remain"
0,"free"
0,"bias"
0,"disagre"
0,"although"
0,"artist"
0,"alway"
0,"reliabl"
0,"understand"
0,"count"
0,"someth"
0,"first_paragraph"
0,"chang_back"
0,"go_go"
0,"reliabl_sourc"
0,"even"
0,"law"
0,"gospel"
0,"major"
0,"theme"
0,"theolog"
0,"justif"
0,"believ"
0,"sin"
0,"curs"
0,"make"
0,"concept"
0,"separ"
0,"us"
0,"god"
0,"forev"
0,"design"
0,"show"
0,"lost"
0,"drive"
0,"christ"
0,"comfort"
0,"good"
0,"news"
0,"die"
0,"cross"
0,"place"
0,"plant"
0,"within"
0,"perspect"
0,"import"
0,"grace"
0,"commit"
0,"current"
0,"word"
0,"belong"
0,"fashion"
0,"sampl"
0,"funni"
0,"look"
0,"rfc"
0,"rule"
0,"peopl"
0,"need"
0,"tri"
0,"resolv"
0,"disput"
0,"fail"
0,"decid"
0,"anyth"
0,"requir"
0,"met"
0,"involv"
0,"singl"
0,"differ"
0,"multipl"
0,"meet"
0,"multipl_user"
0,"yes"
0,"scientist"
0,"also_mention"
0,"jimbo"
0,"wale"
0,"justin"
0,"owner"
0,"develop"
0,"close"
0,"relationship"
0,"year"
0,"old"
0,"former"
0,"adult"
0,"porn"
0,"recent"
0,"profil"
0,"seri"
0,"york"
0,"time"
0,"writer"
0,"kurt"
0,"mr"
0,"entir"
0,"along"
0,"complet"
0,"revis"
0,"histori"
0,"primari"
0,"author"
0,"indefinit"
0,"ban"
0,"troll"
0,"appar"
0,"descript"
0,"dissent"
0,"censorship"
0,"gut"
0,"call"
0,"critic"
0,"attack"
0,"demand"
0,"rewritten"
0,"scratch"
0,"presum"
0,"can"
0,"mainstream"
0,"media"
0,"spin"
0,"tale"
0,"claim"
0,"pictur"
0,"appear"
0,"copyright"
0,"violat"
0,"though"
0,"fair"
0,"whose"
0,"own"
0,"screenshot"
0,"televis"
0,"program"
0,"stori"
0,"great"
0,"doubt"
0,"archiv"
0,"search"
0,"engin"
0,"avail"
0,"anyon"
0,"illustr"
0,"piec"
0,"regret"
0,"contribut"
0,"encycloped"
0,"renam"
0,"encyclopedia"
0,"jimbo_wale"
0,"year_old"
0,"new_york"
0,"york_time"
0,"person_attack"
0,"copyright_violat"
0,"even_though"
0,"search_engin"
0,"way_go"
0,"piec_shit"
0,"reaction"
0,"fucker"
0,"report"
0,"date"
0,"exampl"
0,"e.g"
0,"sent"
0,"order"
0,"civilian"
0,"popul"
0,"town"
0,"militari"
0,"district"
0,"troop"
0,"late"
0,"roman"
0,"armi"
0,"oper"
0,"base"
0,"cooper"
0,"forc"
0,"desist"
0,"circumst"
0,"clear"
0,"racism"
0,"pleas_post"
0,"post_talk"
0,"made_clear"
0,"thursday"
0,"friday"
0,"deliv"
0,"perfect"
0,"horror"
0,"film"
0,"end"
0,"outsid"
0,"hey"
0,"info"
0,"without"
0,"hey_thank"
0,"thank_help"
0,"fantast"
0,"congratul"
0,"januari"
0,"indian"
0,"colleg"
0,"academi"
0,"describ"
0,"hurt"
0,"feel"
0,"million"
0,"communiti"
0,"worship"
0,"lord"
0,"institut"
0,"name"
0,"start"
0,"prove"
0,"known"
0,"titl"
0,"educ"
0,"nation"
0,"univers"
0,"request_move"
0,"hurt_feel"
0,"pleas_chang"
0,"chang_titl"
0,"can_verifi"
0,"dont"
0,"normal"
0,"aircraft"
0,"variant"
0,"specif"
0,"room"
0,"extra"
0,"ladi"
0,"footbal"
0,"club"
0,"hi"
0,"submiss"
0,"entri"
0,"f.c"
0,"2nd"
0,"oldest"
0,"sure"
0,"notabl"
0,"receiv"
0,"counti"
0,"fa"
0,"charter"
0,"standard"
0,"award"
0,"season"
0,"run"
0,"websit"
0,"alreadi"
0,"await"
0,"respons"
0,"finger"
0,"peter"
0,"find_entri"
0,"can_add"
0,"soapbox"
0,"fring"
0,"theori"
0,"document"
0,"regard"
0,"held"
0,"clear_state"
0,"line"
0,"say"
0,"kid"
0,"men"
0,"wp"
0,"guidelin"
0,"balanc"
0,"particular"
0,"context"
0,"moment"
0,"improv"
0,"nomin"
0,"notic"
0,"go_remov"
0,"nomin_delet"
0,"delet_notic"
0,"vandal"
0,"pleas_vandal"
0,"continu_block"
0,"academ"
0,"hold"
0,"chair"
0,"research"
0,"pedant"
0,"twat"
0,"rfa"
0,"pass"
0,"wish"
0,"welcom"
0,"hi_thank"
0,"thank_support"
0,"need_help"
0,"proof"
0,"meantim"
0,"ahead"
0,"link"
0,"america"
0,"task"
0,"holder"
0,"tell"
0,"legal"
0,"upload"
0,"pray"
0,"disclaim"
0,"speak"
0,"pleas_go"
0,"go_ahead"
0,"copyright_holder"
0,"pleas_tell"
0,"hello"
0,"hope"
0,"stay"
0,"newcom"
0,"five"
0,"pillar"
0,"tutori"
0,"manual"
0,"style"
0,"enjoy"
0,"wikipedian"
0,"four"
0,"tild"
0,"automat"
0,"produc"
0,"check"
0,"z"
0,"welcom_hello"
0,"hello_welcom"
0,"thank_contribut"
0,"place_decid"
0,"decid_stay"
0,"five_pillar"
0,"tutori_write"
0,"write_great"
0,"manual_style"
0,"style_hope"
0,"hope_enjoy"
0,"wikipedian_pleas"
0,"pleas_sign"
0,"sign_name"
0,"name_talk"
0,"four_tild"
0,"tild_automat"
0,"automat_produc"
0,"produc_name"
0,"name_date"
0,"ask_question"
0,"ask_talk"
0,"seal"
0,"imag"
0,"manag"
0,"maryland"
0,"curious"
0,"diff"
0,"contrib"
0,"rv"
0,"defin"
0,"definit"
0,"came"
0,"super"
0,"prick"
0,"modifi"
0,"mean"
0,"frustrat"
0,"wonder"
0,"trash"
0,"talk_contrib"
0,"well_know"
0,"albanian"
0,"ancestor"
0,"italian"
0,"born"
0,"grew"
0,"west"
0,"appropri"
0,"arbcom"
0,"action"
0,"climat"
0,"relev"
0,"f"
0,"jesus"
0,"repeat"
0,"number"
0,"polici"
0,"given"
0,"final"
0,"respond"
0,"realli"
0,"kind"
0,"ran"
0,"across"
0,"realiz"
0,"enough"
0,"indefinit_block"
0,"block_admin"
0,"tri_improv"
0,"final_warn"
0,"done"
0,"keep"
0,"mind"
0,"anon"
0,"insist"
0,"everi"
0,"shape"
0,"form"
0,"want"
0,"lock"
0,"benefit"
0,"simpli"
0,"maintain"
0,"consist"
0,"site"
0,"imdb"
0,"wiki"
0,"request_pleas"
0,"pleas_keep"
0,"keep_mind"
0,"empir"
0,"fan"
0,"left"
0,"brought"
0,"offici"
0,"ref"
0,"empti"
0,"fit"
0,"agenda"
0,"also_say"
0,"fraud"
0,"turkish"
0,"flag"
0,"thing"
0,"govern"
0,"investig"
0,"drop"
0,"got"
0,"mayb"
0,"meant"
0,"crime"
0,"necessarili"
0,"reason"
0,"belief"
0,"hand"
0,"probabl"
0,"good_idea"
0,"wp:ani"
0,"alreadi_said"
0,"arriv"
0,"gap"
0,"wwii"
0,"copi"
0,"content"
0,"cover"
0,"period"
0,"palestinian"
0,"palestin"
0,"new_section"
0,"let"
0,"analysi"
0,"western"
0,"philosophi"
0,"declin"
0,"repli"
0,"coin"
0,"market"
0,"genocid"
0,"possibl"
0,"lick"
0,"nut"
0,"richard"
0,"cock"
0,"smoke"
0,"deserv"
0,"take"
0,"deal"
0,"e"
0,"lot"
0,"sens"
0,"suicid"
0,"attempt"
0,"genesi"
0,"idiot"
0,"silli"
0,"parent"
0,"insan"
0,"make_sens"
0,"intend"
0,"bio"
0,"offic"
0,"farm"
0,"norway"
0,"format"
0,"part"
0,"uniqu"
0,"googl"
0,"led"
0,"most"
0,"norwegian"
0,"english"
0,"assum"
0,"name_chang"
0,"alexand"
0,"african"
0,"ancestri"
0,"white"
0,"nobl"
0,"ship"
0,"model"
0,"label"
0,"seen"
0,"tho"
0,"recal"
0,"pic"
0,"construct"
0,"hard"
0,"english_languag"
0,"hard_find"
0,"find_one"
0,"trivia"
0,"review"
0,"upcom"
0,"featur"
0,"internet"
0,"databas"
0,"cite"
0,"depart"
0,"guard"
0,"submit"
0,"inform"
0,"strong"
0,"purg"
0,"usag"
0,"merit"
0,"extern"
0,"may_may"
0,"extern_link"
0,"substanti"
0,"plane"
0,"dr"
0,"sorri"
0,"recur"
0,"charg"
0,"noticeboard"
0,"untru"
0,"glad"
0,"input"
0,"take_time"
0,"rude"
0,"gay"
0,"break"
0,"ad"
0,"reflect"
0,"posit"
0,"negat"
0,"racial"
0,"etc"
0,"money"
0,"circumcis"
0,"sold"
0,"allow"
0,"summar"
0,"individu"
0,"licens"
0,"gfdl"
0,"restrict"
0,"episod"
0,"finish"
0,"amaz"
0,"appreci"
0,"cheer"
0,"realli_appreci"
0,"na"
0,"utc"
0,"due"
0,"respect"
0,"play"
0,"noth"
0,"januari_utc"
0,"mine"
0,"person_opinion"
0,"april"
0,"april_utc"
0,"post_comment"
0,"shoot"
0,"protest"
0,"began"
0,"event"
0,"whitewash"
0,"away"
0,"school"
0,"tonight"
0,"saw"
0,"bring"
0,"wound"
0,"teenag"
0,"victim"
0,"bullet"
0,"cult"
0,"els"
0,"bad"
0,"everyth_els"
0,"knowledg"
0,"experienc"
0,"consensus"
0,"gave"
0,"citat"
0,"basic"
0,"wiki_editor"
0,"hope_help"
0,"andi"
0,"fish"
0,"harm"
0,"u"
0,"can_ask"
0,"u."
0,"lede"
0,"main"
0,"reput"
0,"leader"
0,"effect"
0,"exact"
0,"natur"
0,"complex"
0,"vari"
0,"insid"
0,"far"
0,"world"
0,"short"
0,"coup"
0,"fall"
0,"power"
0,"bodi"
0,"lead"
0,"broad"
0,"summari"
0,"linguist"
0,"shorter"
0,"never_seen"
0,"far_know"
0,"best_way"
0,"barack"
0,"systemat"
0,"destroy"
0,"father"
0,"creat"
0,"obama"
0,"american"
0,"constitut"
0,"wipe"
0,"seat"
0,"race"
0,"via"
0,"bow"
0,"apolog"
0,"tour"
0,"uk"
0,"swear"
0,"u_can"
0,"can_pleas"
0,"nowher"
0,"valid"
0,"provid"
0,"cnn"
0,"billboard"
0,"obscur"
0,"music"
0,"paid"
0,"attent"
0,"conclus"
0,"reach"
0,"age"
0,"push"
0,"sourc_provid"
0,"sockpuppet"
0,"portion"
0,"matter"
0,"ip"
0,"fortun"
0,"step"
0,"blatant"
0,"femal"
0,"complain"
0,"problem"
0,"day"
0,"nice_day"
0,"decemb"
0,"addit"
0,"river"
0,"avoid"
0,"plagiar"
0,"translat"
0,"small"
0,"amount"
0,"mark"
0,"quotat"
0,"doubl"
0,"text"
0,"asid"
0,"limit"
0,"structur"
0,"proper"
0,"paraphras"
0,"permit"
0,"host"
0,"onlin"
0,"lab"
0,"agent"
0,"abl"
0,"publish"
0,"rare"
0,"public"
0,"domain"
0,"compat"
0,"greater"
0,"seek"
0,"desk"
0,"necessari"
0,"confirm"
0,"attribut"
0,"note"
0,"project"
0,"contributor"
0,"practic"
0,"persist"
0,"messag"
0,"india"
0,"share"
0,"account"
0,"irrelev"
0,"cite_sourc"
0,"sourc_can"
0,"can_read"
0,"see_also"
0,"can_creat"
0,"copyright_problem"
0,"origin_research"
0,"may_also"
0,"also_want"
0,"public_domain"
0,"help_desk"
0,"ad_content"
0,"still_need"
0,"also_note"
0,"question_welcom"
0,"leav_messag"
0,"messag_talk"
0,"share_ip"
0,"ip_address"
0,"address_make"
0,"consid_creat"
0,"creat_account"
0,"account_can"
0,"can_avoid"
0,"avoid_irrelev"
0,"irrelev_notic"
0,"ron"
0,"incorrect"
0,"explain"
0,"common"
0,"term"
0,"dictionari"
0,"rather"
0,"stick"
0,"tabl"
0,"explan"
0,"column"
0,"footnot"
0,"coupl"
0,"argument"
0,"suppli"
0,"matt"
0,"afraid"
0,"clarifi"
0,"contain"
0,"myth"
0,"debunk"
0,"someon"
0,"cap"
0,"shout"
0,"catch"
0,"eye"
0,"tri_add"
0,"someon_els"
0,"good_point"
0,"best_regard"
0,"minor"
0,"clearer"
0,"sect"
0,"that'd"
0,"spell"
0,"xbox"
0,"corpor"
0,"sentenc"
0,"rais"
0,"pay"
0,"yahoo"
0,"inflat"
0,"file"
0,"specifi"
0,"status"
0,"unclear"
0,"obtain"
0,"togeth"
0,"usual"
0,"suffici"
0,"acknowledg"
0,"tag"
0,"took"
0,"audio"
0,"video"
0,"releas"
0,"criteria"
0,"wikipedia:imag"
0,"week"
0,"speedi"
0,"non-fre"
0,"hour"
0,"thank_upload"
0,"copyright_status"
0,"ad_sourc"
0,"sourc_pleas"
0,"pleas_add"
0,"meet_criteria"
0,"list_wikipedia:imag"
0,"copyright_tag"
0,"can_find"
0,"file_upload"
0,"follow_link"
0,"may_delet"
0,"delet_one"
0,"one_week"
0,"criteria_speedi"
0,"speedi_delet"
0,"delet_imag"
0,"imag_copyright"
0,"imag_delet"
0,"question_pleas"
0,"pleas_ask"
0,"copyright_question"
0,"thousand"
0,"home"
0,"alon"
0,"right"
0,"busi"
0,"know_noth"
0,"comparison"
0,"heart"
0,"rate"
0,"expect"
0,"adjust"
0,"weight"
0,"span"
0,"live"
0,"cell"
0,"determin"
0,"depend"
0,"physic"
0,"activ"
0,"turn"
0,"scale"
0,"mass"
0,"anim"
0,"straight"
0,"temperatur"
0,"control"
0,"paramet"
0,"exist"
0,"kingdom"
0,"real"
0,"numer"
0,"superior"
0,"without_discuss"
0,"song"
0,"wrote"
0,"damn"
0,"pop"
0,"singer"
0,"inde"
0,"dynam"
0,"unabl"
0,"disrupt"
0,"sock"
0,"quiet"
0,"dynam_ip"
0,"nice_see"
0,"england"
0,"dream"
0,"accent"
0,"none"
0,"domin"
0,"british"
0,"american_english"
0,"care"
0,"approach"
0,"disappoint"
0,"irish"
0,"vote"
0,"thus"
0,"spanish"
0,"infobox"
0,"rise"
0,"celebr"
0,"magazin"
0,"resourc"
0,"figur"
0,"forum"
0,"obsess"
0,"happen"
0,"scan"
0,"shut"
0,"might_want"
0,"want_read"
0,"may_find"
0,"find_help"
0,"pretti_much"
0,"impress"
0,"poor"
0,"qualiti"
0,"accus"
0,"treat"
0,"expert"
0,"area"
0,"higher"
0,"capabl"
0,"distract"
0,"nonetheless"
0,"valuabl"
0,"massiv"
0,"appreci_help"
0,"three"
0,"decis"
0,"unjustifi"
0,"t"
0,"block_vandal"
0,"chang_made"
0,"return"
0,"around"
0,"result"
0,"chemistri"
0,"radic"
0,"function"
0,"alcohol"
0,"independ"
0,"head"
0,"stalker"
0,"watch"
0,"talkpag"
0,"member"
0,"band"
0,"mar"
0,"rest"
0,"collabor"
0,"think_can"
0,"general"
0,"object"
0,"difficult"
0,"substanc"
0,"wast"
0,"take_serious"
0,"wast_time"
0,"reform"
0,"sound"
0,"propos"
0,"yeah"
0,"reword"
0,"wikiproject"
0,"newslett"
0,"futur"
0,"unsubscrib"
0,"notif"
0,"rememb"
0,"happi"
0,"anyon_can"
0,"feel_free"
0,"wikipedia:wikiproject"
0,"script"
0,"twice"
0,"choos"
0,"work_togeth"
0,"goe"
0,"ibn"
0,"counter"
0,"top"
0,"homepag"
0,"civil"
0,"censor"
0,"faith"
0,"act"
0,"bad_faith"
0,"good_exampl"
0,"good_faith"
0,"appoint"
0,"closer"
0,"firm"
0,"today"
0,"hard_work"
0,"can_work"
0,"last"
0,"saturday"
0,"motiv"
0,"gather"
0,"otherwis"
0,"knock"
0,"arm"
0,"cast"
0,"split"
0,"type"
0,"stuff"
0,"curios"
0,"set"
0,"weapon"
0,"assassin"
0,"sit"
0,"sourc_say"
0,"whether"
0,"categori"
0,"bless"
0,"al"
0,"terrorist"
0,"good_one"
0,"anyon_want"
0,"want_go"
0,"vote_delet"
0,"one_thing"
0,"want_remov"
0,"heck"
0,"undo"
0,"gone"
0,"store"
0,"architectur"
0,"rewrit"
0,"briefli"
0,"network"
0,"beyond"
0,"big"
0,"elimin"
0,"unnecessari"
0,"overlap"
0,"thorough"
0,"space"
0,"afterward"
0,"temporari"
0,"mainspac"
0,"convert"
0,"harvard"
0,"combin"
0,"messi"
0,"altogeth"
0,"histori_section"
0,"pleas_make"
0,"say_someth"
0,"link_section"
0,"section_can"
0,"refer_section"
0,"over"
0,"convent"
0,"anti"
0,"imo"
0,"common_sens"
0,"la"
0,"url"
0,"wp:v"
0,"put_back"
0,"less"
0,"bunch"
0,"contract"
0,"heat"
0,"realli_care"
0,"care_less"
0,"go_look"
0,"somebodi"
0,"administr"
0,"fell"
0,"well_known"
0,"red"
0,"capitalis"
0,"redlink"
0,"notat"
0,"ice"
0,"strike"
0,"rapper"
0,"vs"
0,"water"
0,"red_link"
0,"pleas_note"
0,"oh"
0,"terribl"
0,"substitut"
0,"extens"
0,"sincer"
0,"realis"
0,"anyway"
0,"generic"
0,"chang_word"
0,"evil"
0,"atheism"
0,"taught"
0,"atheist"
0,"cultur"
0,"distinct"
0,"tend"
0,"religion"
0,"spend"
0,"darwin"
0,"crusad"
0,"christian"
0,"bibl"
0,"attend"
0,"church"
0,"adopt"
0,"whatev"
0,"night"
0,"sort"
0,"hate"
0,"tast"
0,"meat"
0,"proud"
0,"love"
0,"islam"
0,"extremist"
0,"isi"
0,"excus"
0,"tough"
0,"stanc"
0,"terror"
0,"intent"
0,"target"
0,"muslim"
0,"youth"
0,"young"
0,"employ"
0,"johnson"
0,"chose"
0,"throw"
0,"join"
0,"bomb"
0,"rip"
0,"apart"
0,"thought"
0,"desper"
0,"deni"
0,"peac"
0,"conveni"
0,"forget"
0,"know_exact"
0,"know_go"
0,"remark"
0,"will"
0,"pursu"
0,"formal"
0,"wait"
0,"resum"
0,"wikibreak"
0,"simpl"
0,"unfortun"
0,"ani"
0,"lucki"
0,"stuck"
0,"discuss_issu"
0,"crazi"
0,"ruin"
0,"brazil"
0,"twist"
0,"edit-war"
0,"countless"
0,"stop_chang"
0,"pacif"
0,"trip"
0,"compani"
0,"christma"
0,"parti"
0,"inconveni"
0,"blp"
0,"pompous"
0,"ass"
0,"honesti"
0,"non"
0,"abus"
0,"pleas_stop"
0,"canada"
0,"heard"
0,"canadian"
0,"grant"
0,"countri"
0,"annoy"
0,"allianc"
0,"elonka"
0,"absenc"
0,"energi"
0,"particip"
0,"mediat"
0,"harass"
0,"two_week"
0,"stop_harass"
0,"record"
0,"wood"
0,"game"
0,"mid"
0,"weak"
0,"inlin"
0,"inlin_citat"
0,"phone"
0,"absolut"
0,"threaten"
0,"privaci"
0,"third"
0,"ok"
0,"fine"
0,"wp:npa"
0,"intervent"
0,"awar"
0,"situat"
0,"interact"
0,"wise"
0,"ago"
0,"reveal"
0,"revel"
0,"privat"
0,"checkus"
0,"convict"
0,"mistaken"
0,"dig"
0,"launch"
0,"potenti"
0,"chill"
0,"calm"
0,"urgent"
0,"risk"
0,"refus"
0,"lose"
0,"job"
0,"murder"
0,"stalk"
0,"abort"
0,"innoc"
0,"sockpuppetri"
0,"indic"
0,"phil"
0,"eventu"
0,"inappropri"
0,"tongu"
0,"protect"
0,"realiti"
0,"unless"
0,"wrong"
0,"phrase"
0,"sport"
0,"coach"
0,"famous"
0,"announc"
0,"ta"
0,"now_know"
0,"week_ago"
0,"yet_anoth"
0,"much_less"
0,"now_go"
0,"content_disput"
0,"unless_can"
0,"can_show"
0,"barnstar"
0,"border"
0,"1px"
0,"solid"
0,"gray"
0,"background-color"
0,"#fdffe7"
0,"rowspan"
0,"valign"
0,"middl"
0,"font-siz"
0,"x-larg"
0,"pad"
0,"vertical-align"
0,"height"
0,"1.1em"
0,"border-top"
0,"barnstar_style"
0,"style_border"
0,"border_1px"
0,"1px_solid"
0,"solid_gray"
0,"background-color_#fdffe7"
0,"rowspan_valign"
0,"rowspan_style"
0,"style_font-siz"
0,"font-siz_x-larg"
0,"x-larg_pad"
0,"pad_vertical-align"
0,"vertical-align_middl"
0,"height_1.1em"
0,"style_vertical-align"
0,"border-top_1px"
0,"know_one"
0,"good_job"
0,"cabal"
0,"corrupt"
0,"sigh"
0,"youtub"
0,"revers"
0,"3rr"
0,"anybodi"
0,"wp_3rr"
0,"can_make"
0,"offici_site"
0,"februari"
0,"furthermor"
0,"japan"
0,"meaning"
0,"mod"
0,"februari_utc"
0,"think_right"
0,"smear"
0,"girl"
0,"guid"
0,"associ"
0,"anymor"
0,"okay"
0,"previous"
0,"class"
0,"b"
0,"explicit"
0,"built"
0,"compil"
0,"implement"
0,"gothic"
0,"metal"
0,"death"
0,"rock"
0,"trace"
0,"im"
0,"draw"
0,"isnt"
0,"ive"
0,"quit"
0,"listen"
0,"better"
0,"black"
0,"pink"
0,"prefer"
0,"divid"
0,"fellow"
0,"scene"
0,"build"
0,"bridg"
0,"seper"
0,"quit_bit"
0,"sure_can"
0,"princess"
0,"albania"
0,"googl_search"
0,"green"
0,"anywher"
0,"oxford"
0,"biograph"
0,"advertis"
0,"background"
0,"influenc"
0,"kill"
0,"mother"
0,"woman"
0,"punish"
0,"cours"
0,"staff"
0,"monitor"
0,"random"
0,"offens"
0,"lol"
0,"puppet"
0,"insult"
0,"harsh"
0,"promis"
0,"unblock"
0,"mistak"
0,"sock_puppet"
0,"want_say"
0,"make_mistak"
0,"march"
0,"resid"
0,"labour"
0,"often"
0,"rotat"
0,"transform"
0,"correspond"
0,"pleas_read"
0,"bag"
0,"tit"
0,"ball"
0,"faggot"
0,"alright"
0,"cant"
0,"freedom"
0,"speech"
0,"pipe"
0,"freedom_speech"
0,"unbias"
0,"inaccur"
0,"core"
0,"nazi"
0,"soul"
0,"ss"
0,"signific"
0,"holocaust"
0,"jew"
0,"delet_link"
0,"pleas_explain"
0,"explain_reason"
0,"reason_delet"
0,"anger"
0,"quick"
0,"advantag"
0,"even_read"
0,"left_comment"
0,"nonsens"
0,"process"
0,"jump"
0,"learn"
0,"thank_thank"
0,"done_noth"
0,"forgot"
0,"level"
0,"gotta"
0,"worth"
0,"behind"
0,"can_get"
0,"warn_pleas"
0,"keep_good"
0,"good_work"
0,"scholar"
0,"outlet"
0,"test"
0,"feedback"
0,"journal"
0,"choic"
0,"webpag"
0,"revert_rule"
0,"behavior"
0,"improp"
0,"uncivil"
0,"bot"
0,"inadequ"
0,"effort"
0,"offend"
0,"minim"
0,"courtesi"
0,"polit"
0,"hostil"
0,"delet_comment"
0,"take_care"
0,"one_can"
0,"vandal_pleas"
0,"de"
0,"rat"
0,"later"
0,"poster"
0,"book"
0,"stone"
0,"essay"
0,"blank"
0,"stop_continu"
0,"continu_blank"
0,"remov_content"
0,"revert_can"
0,"can_found"
0,"found_link"
0,"link_believ"
0,"revert_pleas"
0,"pleas_contact"
0,"unlik"
0,"experi"
0,"thank_experi"
0,"test_work"
0,"work_now"
0,"revert_remov"
0,"remov_pleas"
0,"test_want"
0,"pleas_see"
0,"learn_contribut"
0,"contribut_encyclopedia"
0,"encyclopedia_thank"
0,"may_utc"
0,"san"
0,"francisco"
0,"chronicl"
0,"wp:rs"
0,"afd"
0,"bottom"
0,"san_francisco"
0,"swift"
0,"herebi"
0,"anti-vand"
0,"em"
0,"abil"
0,"mysteri"
0,"anonym"
0,"truli"
0,"worthi"
0,"admir"
0,"rollback"
0,"row"
0,"photograph"
0,"rapid"
0,"transit"
0,"gmt"
0,"instant"
0,"fast"
0,"faster"
0,"p"
0,"fight"
0,"great_job"
0,"revert_vandal"
0,"great_work"
0,"thank_look"
0,"right_now"
0,"mani_peopl"
0,"thank_lot"
0,"unit"
0,"air"
0,"knew"
0,"navi"
0,"coast"
0,"marin"
0,"someday"
0,"unit_state"
0,"air_forc"
0,"breast"
0,"cancer"
0,"syndrom"
0,"box"
0,"centuri"
0,"wow"
0,"helpm"
0,"dealt"
0,"instead"
0,"friend"
0,"queri"
0,"asap"
0,"hous"
0,"obvious"
0,"user_talk"
0,"can_help"
0,"start_discuss"
0,"move_back"
0,"help_pleas"
0,"never_heard"
0,"defend"
0,"student"
0,"shift"
0,"dem"
0,"log"
0,"minut"
0,"rephras"
0,"bull"
0,"democrat"
0,"clinton"
0,"defens"
0,"marriag"
0,"liber"
0,"advic"
0,"can_tell"
0,"made_comment"
0,"loan"
0,"various"
0,"leagu"
0,"insight"
0,"war"
0,"worst"
0,"ain't"
0,"cool"
0,"land"
0,"child"
0,"sore"
0,"ryan"
0,"amend"
0,"david"
0,"restor"
0,"misus"
0,"bother"
0,"refactor"
0,"yay"
0,"system"
0,"fun"
0,"wikistalk"
0,"valu"
0,"can_done"
0,"ban_user"
0,"comment_talk"
0,"salt"
0,"assur"
0,"swallow"
0,"consum"
0,"thank_pleas"
0,"treatment"
0,"gain"
0,"creator"
0,"behaviour"
0,"portal"
0,"rational"
0,"select"
0,"still_think"
0,"discuss_talk"
0,"precis"
0,"caption"
0,"c"
0,"latter"
0,"crimin"
0,"prod"
0,"templat"
0,"accord"
0,"satisfi"
0,"inclus"
0,"contest"
0,"prevent"
0,"match"
0,"stop_ad"
0,"propos_delet"
0,"may_contest"
0,"also_pleas"
0,"pleas_consid"
0,"address_issu"
0,"andrew"
0,"dougla"
0,"expand"
0,"clean"
0,"web"
0,"now_look"
0,"look_great"
0,"resolut"
0,"it'll"
0,"get_block"
0,"daddi"
0,"neutral_point"
0,"point_view"
0,"promot"
0,"purpos"
0,"spam"
0,"conflict"
0,"touch"
0,"advertis_promot"
0,"conflict_interest"
0,"can_write"
0,"want_get"
0,"correct"
0,"citat_need"
0,"compli"
0,"tail"
0,"bug"
0,"mere"
0,"logo"
0,"scope"
0,"pakistan"
0,"chip"
0,"re"
0,"warrior"
0,"j"
0,"star"
0,"refrain"
0,"star_war"
0,"alien"
0,"pro"
0,"con"
0,"favour"
0,"statist"
0,"carri"
0,"isol"
0,"disregard"
0,"admit"
0,"easi"
0,"zero"
0,"sum"
0,"fundament"
0,"encyclopaedia"
0,"challeng"
0,"venu"
0,"drv"
0,"one_way"
0,"also_think"
0,"album"
0,"samuel"
0,"wikipedia:articl"
0,"seven"
0,"high"
0,"encourag"
0,"delet_discuss"
0,"want_let"
0,"let_know"
0,"wikipedia:articl_delet"
0,"remov_tag"
0,"stop_now"
0,"now_thank"
0,"dipshit"
0,"month_ago"
0,"fuck_go"
0,"speedili"
0,"assert"
0,"db"
0,"hesit"
0,"biographi"
0,"tag_place"
0,"request_speedili"
0,"speedili_delet"
0,"group_peopl"
0,"indic_subject"
0,"subject_notabl"
0,"delet_time"
0,"time_pleas"
0,"general_accept"
0,"leav_note"
0,"explain_posit"
0,"pleas_remov"
0,"remov_speedi"
0,"delet_tag"
0,"tag_hesit"
0,"hesit_add"
0,"add_inform"
0,"notabl_guidelin"
0,"may_want"
0,"want_check"
0,"web_site"
0,"free_leav"
0,"note_talk"
0,"gender"
0,"engag"
0,"slander"
0,"lie"
0,"spread"
0,"basi"
0,"retract"
0,"discredit"
0,"altern"
0,"insert"
0,"wing"
0,"religi"
0,"extrem"
0,"reject"
0,"lgbt"
0,"right-w"
0,"chanc"
0,"june"
0,"make_chang"
0,"right_wing"
0,"push_pov"
0,"revert_chang"
0,"interest_know"
0,"see_someon"
0,"june_utc"
0,"server"
0,"advis"
0,"imperson"
0,"regist"
0,"ii"
0,"world_war"
0,"war_ii"
0,"suspect"
0,"dont_understand"
0,"candid"
0,"don"
0,"australian"
0,"cricket"
0,"team"
0,"alpha"
0,"ok_thank"
0,"thank_anyway"
0,"drama"
0,"stay_away"
0,"won"
0,"hole"
0,"employe"
0,"fallaci"
0,"logic"
0,"battl"
0,"ga"
0,"look_sourc"
0,"somewher"
0,"greec"
0,"macedonia"
0,"republ"
0,"citizen"
0,"overwhelm"
0,"korean"
0,"japanes"
0,"island"
0,"sea"
0,"n"
0,"english_name"
0,"pc"
0,"continu_vandal"
0,"index"
0,"anyhow"
0,"hi_notic"
0,"sight"
0,"identifi"
0,"one_els"
0,"devot"
0,"stop_vandal"
0,"npov"
0,"total"
0,"slant"
0,"lift"
0,"smart"
0,"ad_comment"
0,"outcom"
0,"asham"
0,"sometim"
0,"becom"
0,"intellig"
0,"oh_well"
0,"foul"
0,"conduct"
0,"send"
0,"satan"
0,"till"
0,"arbitr"
0,"emot"
0,"everybodi"
0,"french"
0,"threat"
0,"profession"
0,"get_away"
0,"longer"
0,"paul"
0,"wikipedia:request"
0,"adminship"
0,"transclud"
0,"reconsid"
0,"appli"
0,"succeed"
0,"recommend"
0,"concentr"
0,"recent_creat"
0,"right_place"
0,"want_help"
0,"anyth_els"
0,"think_good"
0,"tri_get"
0,"port"
0,"taiwan"
0,"china"
0,"honest"
0,"tire"
0,"argu"
0,"dead"
0,"blue"
0,"contenti"
0,"ancient"
0,"spent"
0,"strip"
0,"meta"
0,"last_year"
0,"leav_comment"
0,"survey"
0,"scientif"
0,"method"
0,"shown"
0,"amongst"
0,"round"
0,"conclud"
0,"vast"
0,"two_differ"
0,"differ_thing"
0,"assist"
0,"newbi"
0,"mess"
0,"pope"
0,"mytholog"
0,"pov-push"
0,"histor"
0,"disagr"
0,"spoken"
0,"nativ"
0,"speaker"
0,"chines"
0,"updat"
0,"pleas_check"
0,"armenian"
0,"burn"
0,"pg"
0,"ot"
0,"sig"
0,"fate"
0,"ottoman"
0,"alli"
0,"role"
0,"intern"
0,"special"
0,"organis"
0,"german"
0,"cup"
0,"disappear"
0,"key"
0,"collect"
0,"armenia"
0,"winter"
0,"h"
0,"ar"
0,"represent"
0,"factor"
0,"econom"
0,"drew"
0,"upon"
0,"labor"
0,"besid"
0,"version"
0,"reli"
0,"heavili"
0,"secondari"
0,"locat"
0,"tradit"
0,"larg"
0,"secondari_sourc"
0,"genr"
0,"r"
0,"irc"
0,"channel"
0,"worri"
0,"pleas_leav"
0,"straw"
0,"poll"
0,"cathol"
0,"cathol_church"
0,"scienc"
0,"fiction"
0,"road"
0,"nuclear"
0,"boy"
0,"fix_problem"
0,"hatr"
0,"ah"
0,"homophob"
0,"one_day"
0,"peopl_can"
0,"tear"
0,"wide"
0,"anoth_exampl"
0,"relax"
0,"hear"
0,"modern"
0,"hundr"
0,"itali"
0,"ital"
0,"region"
0,"switzerland"
0,"europ"
0,"dialect"
0,"guess"
0,"can_discuss"
0,"can_explain"
0,"go_back"
0,"year_ago"
0,"far_can"
0,"credibl"
0,"softwar"
0,"instal"
0,"grammat"
0,"invest"
0,"cooki"
0,"bigger"
0,"fri"
0,"find_sourc"
0,"come_back"
0,"fat"
0,"suffer"
0,"consequ"
0,"go_hell"
0,"tea"
0,"#fceb92"
0,"5px"
0,"3px"
0,"style_background-color"
0,"#fdffe7_border"
0,"solid_#fceb92"
0,"middl_pad"
0,"pad_5px"
0,"5px_style"
0,"pad_3px"
0,"partner"
0,"graphic"
0,"window"
0,"clip"
0,"thread"
0,"proxi"
0,"comput"
0,"serv"
0,"mentor"
0,"assign"
0,"rough"
0,"instruct"
0,"regular"
0,"matur"
0,"soon"
0,"take_look"
0,"entiti"
0,"teahous"
0,"talkback"
0,"got_messag"
0,"expir"
0,"premier"
0,"spoil"
0,"filter"
0,"classifi"
0,"exclus"
0,"electron"
0,"stub"
0,"familiar"
0,"categor"
0,"doesnt"
0,"signal"
0,"also_can"
0,"bare"
0,"except"
0,"justifi"
0,"undu"
0,"authent"
0,"legitim"
0,"alleg"
0,"shot"
0,"odd"
0,"pov_push"
0,"violat_npov"
0,"undu_weight"
0,"mix"
0,"drug"
0,"sell"
0,"pack"
0,"data"
0,"can_give"
0,"1.5em"
0,"singh"
0,"#fceb92_rowspan"
0,"3px_3px"
0,"3px_height"
0,"height_1.5em"
0,"russian"
0,"assembl"
0,"un"
0,"pleas_help"
0,"appreci_thank"
0,"high_school"
0,"made_chang"
0,"ad_inform"
0,"conspiraci"
0,"commerci"
0,"vehicl"
0,"link_ad"
0,"conspiraci_theori"
0,"link_link"
0,"thank_link"
0,"speed"
0,"camera"
0,"enforc"
0,"whilst"
0,"flash"
0,"polic"
0,"car"
0,"slow"
0,"go_away"
0,"credit"
0,"reader"
0,"delet_messag"
0,"noth_els"
0,"make_good"
0,"get_start"
0,"fruit"
0,"draft"
0,"visit"
0,"local"
0,"know_much"
0,"much_better"
0,"homework"
0,"felt"
0,"compel"
0,"spot"
0,"toe"
0,"sorri_bother"
0,"six"
0,"babi"
0,"breath"
0,"dog"
0,"hidden"
0,"wash"
0,"real_name"
0,"issu_may"
0,"may_need"
0,"pleas_review"
0,"soon_possibl"
0,"enhanc"
0,"surpris"
0,"front"
0,"amateur"
0,"miss"
0,"field"
0,"easier"
0,"debat"
0,"suspicion"
0,"hall"
0,"festiv"
0,"convey"
0,"crowd"
0,"almost"
0,"photo"
0,"jpg"
0,"banner"
0,"wikimedia"
0,"reduc"
0,"option"
0,"street"
0,"geograph"
0,"transfer"
0,"onto"
0,"tendenc"
0,"deliber"
0,"dubious"
0,"abbrevi"
0,"decent"
0,"imag_descript"
0,"give_reason"
0,"fail_see"
0,"take_place"
0,"big_deal"
0,"may_well"
0,"see_user"
0,"roster"
0,"comprehens"
0,"merg"
0,"btw"
0,"concis"
0,"look_good"
0,"last_time"
0,"find_way"
0,"constant"
0,"harrass"
0,"slap"
0,"anoth_editor"
0,"pain"
0,"brown"
0,"that"
0,"novemb_utc"
0,"never_mind"
0,"lean"
0,"op"
0,"ed"
0,"conserv"
0,"manner"
0,"ident"
0,"introduc"
0,"sought"
0,"attach"
0,"older"
0,"convers"
0,"accur"
0,"excess"
0,"code"
0,"campus"
0,"aggress"
0,"increas"
0,"absurd"
0,"evolut"
0,"activist"
0,"sensibl"
0,"popular"
0,"complic"
0,"brief"
0,"alter"
0,"prohibit"
0,"unreason"
0,"magnet"
0,"tri_make"
0,"artic"
0,"headlin"
0,"cd"
0,"favor"
0,"tribe"
0,"southern"
0,"movement"
0,"o"
0,"sake"
0,"fred"
0,"download"
0,"access"
0,"subpag"
0,"intimid"
0,"time_get"
0,"trust"
0,"ill"
0,"son"
0,"morn"
0,"fli"
0,"ie"
0,"caught"
0,"approv"
0,"dab"
0,"revert_back"
0,"monarch"
0,"boss"
0,"focus"
0,"judgment"
0,"inflammatori"
0,"extent"
0,"i.e"
0,"milit"
0,"especi"
0,"advoc"
0,"hire"
0,"sort_thing"
0,"think_realli"
0,"realli_want"
0,"want_keep"
0,"two_day"
0,"day_ago"
0,"preced"
0,"unsign"
0,"assumpt"
0,"preced_unsign"
0,"unsign_comment"
0,"comment_ad"
0,"sourc_sourc"
0,"impact"
0,"injuri"
0,"yea"
0,"wrestl"
0,"divis"
0,"wwe"
0,"depress"
0,"last_week"
0,"dylan"
0,"carter"
0,"error"
0,"sandbox"
0,"contest_delet"
0,"email"
0,"illeg"
0,"email_address"
0,"help_make"
0,"dismiss"
0,"hama"
0,"pa"
0,"elect"
0,"gaza"
0,"washington"
0,"fwiw"
0,"adam"
0,"tom"
0,"steal"
0,"see_comment"
0,"fascist"
0,"can_delet"
0,"kick"
0,"fire"
0,"bin"
0,"compar"
0,"sexual"
0,"blow"
0,"sword"
0,"drag"
0,"fault"
0,"left-w"
0,"scare"
0,"grow"
0,"clue"
0,"ego"
0,"can_say"
0,"havent"
0,"wikipedia:fil"
0,"list_delet"
0,"delet_file"
0,"upload_alter"
0,"list_wikipedia:fil"
0,"wikipedia:fil_delet"
0,"delet_pleas"
0,"see_discuss"
0,"discuss_see"
0,"see_may"
0,"may_search"
0,"search_titl"
0,"titl_imag"
0,"imag_find"
0,"entri_interest"
0,"interest_delet"
0,"novel"
0,"quarter"
0,"jone"
0,"everi_time"
0,"time_see"
0,"inventor"
0,"measur"
0,"suppress"
0,"establish"
0,"fusion"
0,"miami"
0,"notion"
0,"score"
0,"metropolitan"
0,"connect"
0,"bay"
0,"fc"
0,"fort"
0,"pull"
0,"self-publish"
0,"blog"
0,"overal"
0,"newspap"
0,"player"
0,"yup"
0,"ft"
0,"era"
0,"franchis"
0,"past"
0,"sanction"
0,"narrat"
0,"examin"
0,"play_game"
0,"also_seem"
0,"make_claim"
0,"cite_refer"
0,"everi_singl"
0,"sourc_state"
0,"one_time"
0,"matter_fact"
0,"l"
0,"lay"
0,"historian"
0,"sole"
0,"dictat"
0,"bent"
0,"cost"
0,"commonwealth"
0,"britain"
0,"unaccept"
0,"persecut"
0,"democraci"
0,"crack"
0,"social"
0,"sweep"
0,"want_know"
0,"doctor"
0,"oct"
0,"7th"
0,"bye"
0,"simon"
0,"ap"
0,"carlo"
0,"septemb"
0,"delet_thank"
0,"septemb_utc"
0,"slight"
0,"nationalist"
0,"imagin"
0,"nobodi"
0,"eu"
0,"misunderstand"
0,"letter"
0,"victori"
0,"defeat"
0,"european"
0,"membership"
0,"opposit"
0,"hilari"
0,"utter"
0,"know_happen"
0,"cut"
0,"elementari"
0,"technic"
0,"enter"
0,"wave"
0,"expans"
0,"experiment"
0,"cancel"
0,"interview"
0,"can_check"
0,"incred"
0,"tree"
0,"hot"
0,"sex"
0,"facto"
0,"spammer"
0,"know_anyth"
0,"want_add"
0,"add_someth"
0,"weigh"
0,"canon"
0,"perform"
0,"press"
0,"sitush"
0,"attract"
0,"solv"
0,"owe"
0,"solv_problem"
0,"someth_wrong"
0,"digit"
0,"can_chang"
0,"mad"
0,"initi"
0,"fulli"
0,"grate"
0,"magic"
0,"mani_thank"
0,"fear"
0,"remind"
0,"fart"
0,"exhibit"
0,"visitor"
0,"shall"
0,"mexican"
0,"eh"
0,"fourth"
0,"fifth"
0,"piti"
0,"er"
0,"latest"
0,"estim"
0,"narrow"
0,"calcul"
0,"pun"
0,"well-known"
0,"troubl"
0,"trivial"
0,"slip"
0,"dear"
0,"watson"
0,"adventur"
0,"screen"
0,"trade"
0,"bill"
0,"diamond"
0,"harri"
0,"poop"
0,"save"
0,"make_new"
0,"new_account"
0,"zealand"
0,"emerg"
0,"distribut"
0,"coverag"
0,"legend"
0,"donat"
0,"sale"
0,"cum"
0,"board"
0,"new_zealand"
0,"inform_can"
0,"help_improv"
0,"look_forward"
0,"danger"
0,"airport"
0,"resist"
0,"cat"
0,"oldid"
0,"nah"
0,"make_feel"
0,"understood"
0,"occur"
0,"x"
0,"kept"
0,"king"
0,"john"
0,"kennedi"
0,"robert"
0,"broader"
0,"10th"
0,"cos"
0,"track"
0,"g"
0,"arab"
0,"anti-semit"
0,"citi"
0,"occupi"
0,"jewish"
0,"so-cal"
0,"invad"
0,"hungarian"
0,"romanian"
0,"descent"
0,"sourc_claim"
0,"london"
0,"grab"
0,"confus"
0,"make_clear"
0,"burden"
0,"station"
0,"occas"
0,"bear"
0,"critic_section"
0,"pleas_also"
0,"atleast"
0,"add_link"
0,"singular"
0,"plural"
0,"awkward"
0,"ambigu"
0,"flow"
0,"colon"
0,"aim"
0,"compromis"
0,"peopl_say"
0,"address_concern"
0,"dust"
0,"bowl"
0,"content_templat"
0,"templat_materi"
0,"may_block"
0,"south"
0,"opportun"
0,"pleas_let"
0,"clark"
0,"journalist"
0,"contradict"
0,"merger"
0,"health"
0,"servic"
0,"whoever"
0,"can_put"
0,"also_need"
0,"either_way"
0,"st"
0,"manchest"
0,"spelt"
0,"incivil"
0,"stalin"
0,"repost"
0,"truth"
0,"scum"
0,"polish"
0,"floor"
0,"hockey"
0,"know_talk"
0,"last_day"
0,"alphabet"
0,"packag"
0,"coffe"
0,"confer"
0,"one_need"
0,"lazi"
0,"loser"
0,"hobbi"
0,"singapor"
0,"socialist"
0,"disabl"
0,"australia"
0,"usa"
0,"famili"
0,"scrap"
0,"electr"
0,"util"
0,"flame"
0,"disast"
0,"consider"
0,"low"
0,"harder"
0,"rape"
0,"enlighten"
0,"want_make"
0,"pretti_good"
0,"#1"
0,"sweet"
0,"los"
0,"del"
0,"wind"
0,"rob"
0,"smooth"
0,"lil"
0,"jon"
0,"toni"
0,"evan"
0,"maria"
0,"foolish"
0,"kelli"
0,"gold"
0,"kim"
0,"davi"
0,"ross"
0,"endless"
0,"da"
0,"sean"
0,"ya"
0,"fantasi"
0,"bone"
0,"cent"
0,"shop"
0,"roll"
0,"michael"
0,"billi"
0,"tiger"
0,"jackson"
0,"virgin"
0,"angel"
0,"mari"
0,"affair"
0,"aint"
0,"van"
0,"cri"
0,"rush"
0,"sir"
0,"michael_jackson"
0,"thx"
0,"releas_date"
0,"uncl"
0,"click"
0,"disambigu"
0,"say_one"
0,"supremacist"
0,"bnp"
0,"vaniti"
0,"pleas_creat"
0,"delet_can"
0,"pleas_thank"
0,"com"
0,"nevertheless"
0,"palin"
0,"aid"
0,"easili"
0,"octob"
0,"teh"
0,"rant"
0,"make_point"
0,"mike"
0,"partial"
0,"slowli"
0,"misinterpret"
0,"see_happen"
0,"jame"
0,"honor"
0,"remov_inform"
0,"good_day"
0,"strang"
0,"brand"
0,"clarif"
0,"new_user"
0,"thank_understand"
0,"territori"
0,"nevermind"
0,"schedul"
0,"next"
0,"talk-pag"
0,"surviv"
0,"spite"
0,"time_tri"
0,"contrari"
0,"spirit"
0,"theoret"
0,"otr"
0,"get_back"
0,"keep_delet"
0,"sanskrit"
0,"chronolog"
0,"upgrad"
0,"bat"
0,"section_talk"
0,"criterion"
0,"delay"
0,"notabl_subject"
0,"tag_speedi"
0,"delet_without"
0,"ethnic"
0,"immigr"
0,"can_also"
0,"seed"
0,"patrick"
0,"henri"
0,"ho"
0,"last_night"
0,"keen"
0,"alot"
0,"think_may"
0,"tri_keep"
0,"bad_thing"
0,"paranoia"
0,"pick"
0,"critiqu"
0,"semi-protect"
0,"knight"
0,"master"
0,"mason"
0,"royal"
0,"degre"
0,"scottish"
0,"anthoni"
0,"tool"
0,"children"
0,"teeth"
0,"give_shit"
0,"next_time"
0,"hitler"
0,"soldier"
0,"unregist"
0,"outlin"
0,"remov_comment"
0,"brain"
0,"rifl"
0,"hunt"
0,"train"
0,"bullshit"
0,"comma"
0,"eras"
0,"punk"
0,"ep"
0,"coat"
0,"lyric"
0,"peopl_tri"
0,"cousin"
0,"ac"
0,"luke"
0,"brother"
0,"loos"
0,"matthew"
0,"jerusalem"
0,"wisdom"
0,"sister"
0,"daughter"
0,"vol"
0,"4th"
0,"circl"
0,"drawn"
0,"spiritu"
0,"sever_time"
0,"custom"
0,"indef"
0,"thank_work"
0,"work_thank"
0,"work_revert"
0,"sandbox_test"
0,"want_take"
0,"look_welcom"
0,"luck"
0,"good_luck"
0,"highest"
0,"throughout"
0,"bush"
0,"plan"
0,"pretend"
0,"percept"
0,"absolut_noth"
0,"hacker"
0,"manipul"
0,"sourc_inform"
0,"go_take"
0,"pen"
0,"disord"
0,"einstein"
0,"genius"
0,"desir"
0,"autism"
0,"moron"
0,"averag"
0,"iq"
0,"exclud"
0,"societi"
0,"deep"
0,"now_think"
0,"realli_good"
0,"dunno"
0,"noon"
0,"fac"
0,"path"
0,"passag"
0,"hang"
0,"reinsert"
0,"19th"
0,"20th"
0,"prevail"
0,"soviet"
0,"largest"
0,"azeri"
0,"can_start"
0,"wp:nor"
0,"collin"
0,"thick"
0,"need_get"
0,"namespac"
0,"retard"
0,"equal"
0,"puppetri"
0,"sock_puppetri"
0,"georg"
0,"allen"
0,"occasion"
0,"silent"
0,"anoth_user"
0,"mill"
0,"oregon"
0,"erron"
0,"pound"
0,"fighter"
0,"win"
0,"champion"
0,"prais"
0,"earn"
0,"mean_noth"
0,"recogn"
0,"orient"
0,"size"
0,"generat"
0,"useless"
0,"ms"
0,"specialist"
0,"william"
0,"wear"
0,"feder"
0,"want_chang"
0,"map"
0,"sourc_mention"
0,"a7"
0,"hit"
0,"stage"
0,"hair"
0,"actress"
0,"retriev"
0,"headlin_text"
0,"union"
0,"wp:blp"
0,"buy"
0,"simplifi"
0,"can_think"
0,"everyon_els"
0,"ga1"
0,"prose"
0,"mos"
0,"aspect"
0,"stabl"
0,"suitabl"
0,"ga_review"
0,"review_review"
0,"add_comment"
0,"refer_sourc"
0,"non-fre_imag"
0,"agf"
0,"observ"
0,"holiday"
0,"bank"
0,"safeti"
0,"remov_section"
0,"dump"
0,"versus"
0,"thrown"
0,"anoth_one"
0,"afghanistan"
0,"strict"
0,"texa"
0,"donkey"
0,"pashtun"
0,"success"
0,"persian"
0,"hindus"
0,"shah"
0,"iran"
0,"saddam"
0,"find_anyth"
0,"fals_inform"
0,"tan"
0,"yesterday"
0,"afternoon"
0,"folk"
0,"suffic"
0,"id"
0,"password"
0,"global"
0,"puerto"
0,"incomplet"
0,"problemat"
0,"haha"
0,"belt"
0,"scroll"
0,"handl"
0,"walk"
0,"visual"
0,"app"
0,"blunt"
0,"mani_other"
0,"tri_say"
0,"need_go"
0,"kind_regard"
0,"pump"
0,"korea"
0,"certif"
0,"im_sorri"
0,"poet"
0,"tie"
0,"graduat"
0,"neither"
0,"first_sentenc"
0,"career"
0,"motion"
0,"redirect_talk"
0,"thought_might"
0,"want_see"
0,"wp:undu"
0,"length"
0,"hors"
0,"ride"
0,"cloth"
0,"beef"
0,"tall"
0,"boot"
0,"aviat"
0,"solut"
0,"pretti_sure"
0,"popular_cultur"
0,"hope_well"
0,"male"
0,"help_need"
0,"need_clean"
0,"appeal"
0,"agreement"
0,"pleas_refrain"
0,"refrain_ad"
0,"ad_nonsens"
0,"consid_vandal"
0,"diplomat"
0,"mission"
0,"russia"
0,"hi_hi"
0,"bore"
0,"robot"
0,"ensur"
0,"feel_need"
0,"don_t"
0,"chat"
0,"facebook"
0,"turkey"
0,"dri"
0,"readi"
0,"leg"
0,"thin"
0,"string"
0,"tune"
0,"ukrain"
0,"violenc"
0,"tone"
0,"unusu"
0,"sarcast"
0,"patron"
0,"behav"
0,"wp:agf"
0,"sad"
0,"et"
0,"newer"
0,"et_al"
0,"semi"
0,"tournament"
0,"memori"
0,"sponsor"
0,"attack_anyon"
0,"anyon_els"
0,"make_sure"
0,"ground"
0,"arguement"
0,"preserv"
0,"integr"
0,"leftist"
0,"tank"
0,"express"
0,"libertarian"
0,"republican"
0,"prove_point"
0,"can_look"
0,"look_histori"
0,"worthless"
0,"privileg"
0,"rank"
0,"1st"
0,"worker"
0,"leadership"
0,"now_can"
0,"sikh"
0,"surnam"
0,"east"
0,"half"
0,"compet"
0,"vector"
0,"principl"
0,"tape"
0,"financi"
0,"indi"
0,"p.s"
0,"discographi"
0,"thank_time"
0,"secur"
0,"w"
0,"autoblock"
0,"revok"
0,"committe"
0,"ticket"
0,"user_block"
0,"block_log"
0,"arbitr_committe"
0,"stop_delet"
0,"concur"
0,"advanc"
0,"criticis"
0,"fuck_stupid"
0,"divorc"
0,"peopl_make"
0,"typic"
0,"account_block"
0,"bar"
0,"agenc"
0,"center"
0,"emphas"
0,"good_thing"
0,"character"
0,"incid"
0,"noticeboard_incid"
0,"block_block"
0,"moder"
0,"accident"
0,"went"
0,"beta"
0,"someon_want"
0,"can_consid"
0,"hi_can"
0,"last_post"
0,"stress"
0,"sudden"
0,"anonym_user"
0,"pleas_take"
0,"guitar"
0,"queen"
0,"huge"
0,"freeli"
0,"think_best"
0,"authorit"
0,"peer"
0,"ken"
0,"creation"
0,"peer_review"
0,"signpost"
0,"excel"
0,"skip"
0,"great_day"
0,"pr"
0,"impos"
0,"promin"
0,"court"
0,"fame"
0,"expens"
0,"harrison"
0,"angri"
0,"intellectu"
0,"accomplish"
0,"philosoph"
0,"hungari"
0,"younger"
0,"communic"
0,"profess"
0,"deceas"
0,"philip"
0,"k"
0,"carl"
0,"anoth_person"
0,"realli_know"
0,"peopl_work"
0,"block_indefinit"
0,"delet_inform"
0,"think_peopl"
0,"joke"
0,"chris"
0,"gnu"
0,"aw"
0,"cute"
0,"pirat"
0,"hat"
0,"aliv"
0,"derogatori"
0,"defam"
0,"inferior"
0,"self"
0,"ruler"
0,"struggl"
0,"find_reliabl"
0,"one_person"
0,"bold"
0,"council"
0,"villag"
0,"grammar"
0,"embarrass"
0,"jack"
0,"think_might"
0,"campaign"
0,"much_time"
0,"sri"
0,"elsewher"
0,"damag"
0,"thank_revert"
0,"guru"
0,"humbl"
0,"resort"
0,"pari"
0,"franc"
0,"banana"
0,"edward"
0,"russel"
0,"twitter"
0,"pure"
0,"duplic"
0,"plus"
0,"corp"
0,"chart"
0,"pie"
0,"central"
0,"communist"
0,"outdat"
0,"musician"
0,"sourc_reliabl"
0,"video_game"
0,"eagl"
0,"scout"
0,"chosen"
0,"recognis"
0,"wherea"
0,"hide"
0,"falsifi"
0,"biolog"
0,"speci"
0,"ration"
0,"characterist"
0,"contrast"
0,"y"
0,"consult"
0,"mail"
0,"peopl_talk"
0,"devil"
0,"octob_utc"
0,"command"
0,"ukrainian"
0,"genuin"
0,"sock-puppet"
0,"stolen"
0,"traitor"
0,"achiev"
0,"mobil"
0,"mean_can"
0,"lend"
0,"delet_stuff"
0,"bbc"
0,"documentari"
0,"california"
0,"santa"
0,"iv"
0,"scholarship"
0,"syria"
0,"silenc"
0,"senior"
0,"dont_care"
0,"m"
0,"possess"
0,"mayor"
0,"portrait"
0,"capac"
0,"disrespect"
0,"multipl_account"
0,"help_can"
0,"hebrew"
0,"dam"
0,"kinda"
0,"peopl_want"
0,"walter"
0,"husband"
0,"tell_peopl"
0,"huh"
0,"jr"
0,"nicknam"
0,"xd"
0,"greet"
0,"tri_put"
0,"find_someth"
0,"someth_els"
0,"button"
0,"cach"
0,"garden"
0,"unambigu"
0,"infring"
0,"copyright_infring"
0,"winner"
0,"unprotect"
0,"gotten"
0,"smaller"
0,"forest"
0,"pertin"
0,"thank_much"
0,"fanat"
0,"suit"
0,"thumb"
0,"patriot"
0,"beg"
0,"max"
0,"sweden"
0,"ocean"
0,"reveng"
0,"faq"
0,"north"
0,"element"
0,"prepar"
0,"calendar"
0,"egyptian"
0,"rome"
0,"bc"
0,"invas"
0,"oil"
0,"blame"
0,"feb"
0,"virus"
0,"revert_war"
0,"pay_attent"
0,"ve"
0,"settlement"
0,"awb"
0,"load"
0,"sensit"
0,"judaism"
0,"know_think"
0,"plot"
0,"food"
0,"travel"
0,"get_around"
0,"relev_inform"
0,"whole_thing"
0,"alumni"
0,"see_need"
0,"applic"
0,"incompet"
0,"can_someon"
0,"subject_matter"
0,"it'd"
0,"cuz"
0,"chicago"
0,"industri"
0,"canvass"
0,"fansit"
0,"everytim"
0,"get_delet"
0,"ceas"
0,"tactic"
0,"intro"
0,"still_wait"
0,"hehe"
0,"holi"
0,"invit"
0,"wine"
0,"invit_join"
0,"adress"
0,"prob"
0,"block_ip"
0,"way_can"
0,"saint"
0,"dyk"
0,"nom"
0,"hook"
0,"without_explan"
0,"continu_may"
0,"sovereign"
0,"emo"
0,"pair"
0,"execut"
0,"cleanup"
0,"navig"
0,"editor_can"
0,"art"
0,"liter"
0,"eastern"
0,"virginia"
0,"inconsist"
0,"rs"
0,"live_person"
0,"biographi_live"
0,"confess"
0,"guilti"
0,"plea"
0,"abc"
0,"radio"
0,"never_said"
0,"creatur"
0,"monster"
0,"noun"
0,"vagu"
0,"third-parti"
0,"flip"
0,"ideal"
0,"creativ"
0,"properti"
0,"director"
0,"also_add"
0,"can_go"
0,"noth_better"
0,"offici_name"
0,"think_much"
0,"pig"
0,"mechan"
0,"blast"
0,"machin"
0,"croat"
0,"serbia"
0,"honour"
0,"croatia"
0,"rout"
0,"collaps"
0,"atmospher"
0,"environ"
0,"dedic"
0,"fresh"
0,"escal"
0,"strength"
0,"see_anyth"
0,"gene"
0,"sharp"
0,"peopl_think"
0,"mani_mani"
0,"great_deal"
0,"let_us"
0,"pleas_provid"
0,"provid_reliabl"
0,"sourc_support"
0,"nope"
0,"gwen"
0,"ian"
0,"germani"
0,"monument"
0,"moot"
0,"amus"
0,"qualifi"
0,"dishonest"
0,"lesbian"
0,"tomorrow"
0,"work_well"
0,"wed"
0,"oh_dear"
0,"one_side"
0,"dont_know"
0,"check_histori"
0,"alreadi_done"
0,"whatsoev"
0,"gossip"
0,"vietnam"
0,"zone"
0,"gun"
0,"warfar"
0,"crew"
0,"plenti"
0,"instanc"
0,"patrol"
0,"took_place"
0,"quit_clear"
0,"say_go"
0,"mayb_can"
0,"can_post"
0,"astrolog"
0,"vaccin"
0,"min"
0,"tech"
0,"see_talk"
0,"bout"
0,"laugh"
0,"think_block"
0,"oh_yeah"
0,"long_time"
0,"pleas_pleas"
0,"hindu"
0,"delet_post"
0,"uniform"
0,"ping"
0,"know_can"
0,"pole"
0,"libel"
0,"pleas_tri"
0,"realli_think"
0,"complet_differ"
0,"can_fix"
0,"userbox"
0,"width"
0,"align"
0,"cellspac"
0,"eat"
0,"align_center"
0,"cellspac_style"
0,"style_width"
0,"better_sourc"
0,"mario"
0,"kong"
0,"three_time"
0,"flaw"
0,"sh"
0,"concensus"
0,"delet_review"
0,"review_thank"
0,"nerv"
0,"card"
0,"print"
0,"pronounc"
0,"chang_name"
0,"broadcast"
0,"joe"
0,"cycl"
0,"earth"
0,"swing"
0,"ppl"
0,"much_appreci"
0,"paper"
0,"rescu"
0,"redund"
0,"subsect"
0,"perman"
0,"budget"
0,"look_better"
0,"better_now"
0,"can_understand"
0,"color"
0,"purpl"
0,"variat"
0,"evalu"
0,"compon"
0,"sky"
0,"mock"
0,"jesus_christ"
0,"sydney"
0,"whenev"
0,"need_know"
0,"dont_want"
0,"blind"
0,"fals_claim"
0,"delet_section"
0,"leak"
0,"fu"
0,"mous"
0,"fuck_faggot"
0,"get_fuck"
0,"thankyou"
0,"nick"
0,"casual"
0,"imparti"
0,"breach"
0,"scott"
0,"ars"
0,"sarah"
0,"sentiment"
0,"captur"
0,"gear"
0,"protocol"
0,"call_vandal"
0,"can_still"
0,"can_alway"
0,"stop_disrupt"
0,"alan"
0,"para"
0,"pdf"
0,"scotland"
0,"foot"
0,"bed"
0,"capit"
0,"decad"
0,"extinct"
0,"slaveri"
0,"revolut"
0,"paranoid"
0,"comment_made"
0,"civil_war"
0,"abus_power"
0,"terri"
0,"brazilian"
0,"minimum"
0,"settl"
0,"brit"
0,"spoiler"
0,"sleep"
0,"alert"
0,"cure"
0,"violat_3rr"
0,"jay"
0,"prompt"
0,"great_appreci"
0,"svg"
0,"colour"
0,"difficulti"
0,"edg"
0,"lebanon"
0,"chang_mind"
0,"hack"
0,"professor"
0,"chapter"
0,"romania"
0,"switch"
0,"somewher_els"
0,"assault"
0,"verb"
0,"storm"
0,"discrimin"
0,"err"
0,"rhetor"
0,"frequent"
0,"exempt"
0,"exercis"
0,"agricultur"
0,"pertain"
0,"skeptic"
0,"mental"
0,"concret"
0,"overview"
0,"think_need"
0,"perhap_can"
0,"tab_token"
0,"usernam"
0,"malici"
0,"tab"
0,"copi_past"
0,"free_ask"
0,"question_answer"
0,"pleas_care"
0,"suspici"
0,"wild"
0,"virtual"
0,"els_can"
0,"juli_utc"
0,"yes_agre"
0,"mirror"
0,"wiki_polici"
0,"font"
0,"drastic"
0,"lesson"
0,"safe"
0,"get_chanc"
0,"dna"
0,"thank_feedback"
0,"danni"
0,"literatur"
0,"borrow"
0,"loud"
0,"favorit"
0,"tim"
0,"depict"
0,"bottl"
0,"beer"
0,"imposs"
0,"enabl"
0,"procedur"
0,"lengthi"
0,"dose"
0,"mainten"
0,"rang"
0,"daili"
0,"finland"
0,"unreferenc"
0,"wp:npov"
0,"non-neutr"
0,"ll"
0,"encount"
0,"bought"
0,"devic"
0,"circuit"
0,"clerk"
0,"obnoxi"
0,"humor"
0,"e-mail"
0,"parallel"
0,"rewrot"
0,"technolog"
0,"recept"
0,"audienc"
0,"proper_sourc"
0,"invent"
0,"vocal"
0,"umm"
0,"respond_talk"
0,"sourc_ad"
0,"orphan"
0,"messagebox"
0,"spring"
0,"add_back"
0,"click_link"
0,"know_nomin"
0,"class_messagebox"
0,"know_anoth"
0,"interest_fact"
0,"pleas_suggest"
0,"well_done"
0,"tri_find"
0,"sue"
0,"bright"
0,"wayn"
0,"come_across"
0,"foreign"
0,"also_ad"
0,"even_know"
0,"traffic"
0,"inclin"
0,"confid"
0,"want_thank"
0,"begun"
0,"squad"
0,"nfl"
0,"berlin"
0,"rambl"
0,"ann"
0,"solar"
0,"explor"
0,"phase"
0,"fund"
0,"ps"
0,"know_well"
0,"see_link"
0,"closur"
0,"temper"
0,"annual"
0,"vega"
0,"boston"
0,"can_remov"
0,"defamatori"
0,"theater"
0,"tv"
0,"ongo"
0,"biggest"
0,"squar"
0,"correct_name"
0,"politician"
0,"phenomenon"
0,"entitl"
0,"wont"
0,"guest"
0,"awesom"
0,"mtv"
0,"byte"
0,"croatian"
0,"ideolog"
0,"beat"
0,"warrant"
0,"ironi"
0,"extend"
0,"editori"
0,"typo"
0,"adject"
0,"elabor"
0,"can_seen"
0,"person_think"
0,"decemb_utc"
0,"can_see"
0,"dickhead"
0,"justic"
0,"dozen"
0,"ca"
0,"say_anyth"
0,"adequ"
0,"presidenti"
0,"remot"
0,"wright"
0,"affect"
0,"minist"
0,"previous_discuss"
0,"can_call"
0,"real_life"
0,"keep_ad"
0,"manufactur"
0,"aka"
0,"matrix"
0,"go_read"
0,"mom"
0,"go_around"
0,"tube"
0,"vietnames"
0,"maker"
0,"le"
0,"dan"
0,"weasel"
0,"legisl"
0,"combat"
0,"invalid"
0,"pp"
0,"third_parti"
0,"press_releas"
0,"new_one"
0,"autom"
0,"etymolog"
0,"everyday"
0,"analog"
0,"semant"
0,"delet_content"
0,"creat_new"
0,"actor"
0,"pleas_comment"
0,"delet_work"
0,"drink"
0,"percentag"
0,"lower"
0,"rid"
0,"peopl_get"
0,"let_alon"
0,"get_rid"
0,"d"
0,"crown"
0,"founder"
0,"unreli"
0,"support_claim"
0,"gamaliel"
0,"hinduism"
0,"fyi"
0,"want_put"
0,"wizard"
0,"wikipedia:quest"
0,"thank_hope"
0,"might_find"
0,"help_five"
0,"sign_messag"
0,"usernam_date"
0,"date_need"
0,"help_check"
0,"check_wikipedia:quest"
0,"wikipedia:quest_ask"
0,"rubbish"
0,"patient"
0,"museum"
0,"geolog"
0,"colleagu"
0,"discoveri"
0,"ever_seen"
0,"soviet_union"
0,"marxist"
0,"shell"
0,"also_includ"
0,"denial"
0,"reserv"
0,"recruit"
0,"stadium"
0,"championship"
0,"doubl_standard"
0,"smell"
0,"notifi"
0,"likewis"
0,"thank_notic"
0,"fuck_fuck"
0,"wp:or"
0,"occup"
0,"regul"
0,"terminolog"
0,"re-read"
0,"incorpor"
0,"proceed"
0,"olymp"
0,"synthesi"
0,"homeland"
0,"coloni"
0,"one_sourc"
0,"state_fact"
0,"time_time"
0,"unlock"
0,"inher"
0,"lebanes"
0,"park"
0,"lion"
0,"know_say"
0,"shock"
0,"dislik"
0,"baseless"
0,"petti"
0,"distort"
0,"lawsuit"
0,"ventur"
0,"chief"
0,"primari_sourc"
0,"footag"
0,"segment"
0,"mate"
0,"thank_kind"
0,"kind_word"
0,"compos"
0,"two_year"
0,"q"
0,"html"
0,"en"
0,"client"
0,"fleet"
0,"bet"
0,"outstand"
0,"teacher"
0,"token"
0,"wake"
0,"yellow"
0,"discov"
0,"refut"
0,"upset"
0,"comment_thank"
0,"israel"
0,"surround"
0,"crash"
0,"flight"
0,"least_one"
0,"camp"
0,"pakistani"
0,"thank_advanc"
0,"everyon_know"
0,"tax"
0,"csd"
0,"copyvio"
0,"spi"
0,"peni"
0,"messag_regard"
0,"transcript"
0,"guardian"
0,"need_chang"
0,"transpar"
0,"wikipedia:sockpuppet"
0,"align_left"
0,"pleas_refer"
0,"wikipedia:sockpuppet_investig"
0,"sure_make"
0,"perceiv"
0,"infinit"
0,"termin"
0,"abandon"
0,"thank_ad"
0,"descend"
0,"first_time"
0,"quebec"
0,"provinc"
0,"sysop"
0,"user_can"
0,"repair"
0,"cheap"
0,"registr"
0,"infect"
0,"nigger"
0,"monkey"
0,"czech"
0,"failur"
0,"stubborn"
0,"copyedit"
0,"incident"
0,"read_book"
0,"factori"
0,"progress"
0,"synonym"
0,"person_inform"
0,"tempt"
0,"wikipedia:administr"
0,"iii"
0,"petit"
0,"birth"
0,"telephon"
0,"outing"
0,"foundat"
0,"equival"
0,"tip"
0,"legaci"
0,"retir"
0,"display"
0,"vision"
0,"flood"
0,"thank_comment"
0,"send_messag"
0,"unblock_request"
0,"wikipedia:administr_noticeboard"
0,"can_block"
0,"date_birth"
0,"user_name"
0,"clever"
0,"pronunci"
0,"quit_sure"
0,"noob"
0,"might_interest"
0,"highlight"
0,"senat"
0,"spurious"
0,"poison"
0,"chop"
0,"tortur"
0,"caution"
0,"ye"
0,"africa"
0,"crisi"
0,"dollar"
0,"tri_help"
0,"want_delet"
0,"kevin"
0,"get_right"
0,"thoma"
0,"volum"
0,"what"
0,"hip"
0,"hop"
0,"hip_hop"
0,"hope_can"
0,"mile"
0,"environment"
0,"competit"
0,"truck"
0,"stephen"
0,"fake"
0,"promo"
0,"planet"
0,"basebal"
0,"correct_spell"
0,"offici_websit"
0,"think_got"
0,"thank_note"
0,"pleas_clarifi"
0,"imho"
0,"hope_mind"
0,"philippin"
0,"3rd"
0,"ring"
0,"predict"
0,"geographi"
0,"name_name"
0,"abid"
0,"lone"
0,"give_fuck"
0,"prior"
0,"sieg"
0,"relief"
0,"dash"
0,"guidanc"
0,"marri"
0,"divin"
0,"inspir"
0,"vandal_vandal"
0,"baker"
0,"ordinari"
0,"eat_shit"
0,"hope_get"
0,"attitud"
0,"prime"
0,"chuck"
0,"stream"
0,"cabl"
0,"exchang"
0,"doc"
0,"pm"
0,"celtic"
0,"welsh"
0,"ireland"
0,"differenti"
0,"steel"
0,"controversi_section"
0,"pleas_rememb"
0,"see_reason"
0,"theatr"
0,"merci"
0,"apologis"
0,"yep"
0,"paint"
0,"wheel"
0,"conform"
0,"omit"
0,"moral"
0,"nose"
0,"ex"
0,"broken"
0,"upload_imag"
0,"dc"
0,"shakespear"
0,"pressur"
0,"can_prove"
0,"know_mani"
0,"six_month"
0,"brigad"
0,"endors"
0,"meatpuppet"
0,"scheme"
0,"classif"
0,"asia"
0,"mexico"
0,"rm"
0,"north_america"
0,"amazon"
0,"anoth_sourc"
0,"go_delet"
0,"larg_number"
0,"disput_resolut"
0,"duti"
0,"pleas_point"
0,"wors"
0,"judg"
0,"defenc"
0,"strategi"
0,"sunday"
0,"12th"
0,"surgeri"
0,"bus"
0,"fair_enough"
0,"habit"
0,"pagan"
0,"accuraci"
0,"fed"
0,"roman_cathol"
0,"know_better"
0,"stat"
0,"sooner"
0,"arbitrari"
0,"left_messag"
0,"disney"
0,"bruce"
0,"miller"
0,"freak"
0,"therapi"
0,"graham"
0,"thai"
0,"ton"
0,"bibliographi"
0,"toronto"
0,"glanc"
0,"captain"
0,"boundari"
0,"re-add"
0,"can_take"
0,"craig"
0,"joy"
0,"beach"
0,"glass"
0,"tight"
0,"volunt"
0,"iron"
0,"grasp"
0,"nois"
0,"here"
0,"salut"
0,"prime_minist"
0,"chicken"
0,"time_ago"
0,"duck"
0,"cartoon"
0,"real_world"
0,"epic"
0,"sun"
0,"shine"
0,"one_place"
0,"violat_polici"
0,"im_go"
0,"ownership"
0,"consent"
0,"now_pleas"
0,"link_thank"
0,"dot"
0,"reinstat"
0,"want_block"
0,"need_stop"
0,"columbia"
0,"midnight"
0,"may_interest"
0,"fraction"
0,"stop_tri"
0,"provid_link"
0,"link_can"
0,"report_vandal"
0,"corner"
0,"see_one"
0,"look_much"
0,"png"
0,"imag_upload"
0,"pleas_feel"
0,"iranian"
0,"root"
0,"census"
0,"ethnic_group"
0,"first_place"
0,"growth"
0,"diet"
0,"one_point"
0,"malleus"
0,"last_warn"
0,"warn_block"
0,"heavi"
0,"8th"
0,"congrat"
0,"instrument"
0,"hypothesi"
0,"thank_messag"
0,"sorri_know"
0,"wife"
0,"repetit"
0,"contemporari"
0,"sub"
0,"alreadi_exist"
0,"fag"
0,"work_done"
0,"pleas_unblock"
0,"oliv"
0,"eric"
0,"willi"
0,"delet_portion"
0,"linux"
0,"now_block"
0,"coupl_day"
0,"macedonian"
0,"tower"
0,"christoph"
0,"cook"
0,"layout"
0,"beauti"
0,"distinguish"
0,"imag_media"
0,"lead_section"
0,"info_box"
0,"free_imag"
0,"glad_see"
0,"now_see"
0,"see_point"
0,"pleas_continu"
0,"unconstruct"
0,"judgement"
0,"clutter"
0,"negoti"
0,"orthodox"
0,"ditto"
0,"stumbl"
0,"boyfriend"
0,"realli_need"
0,"whatev_want"
0,"giant"
0,"hoax"
0,"princ"
0,"ghost"
0,"duke"
0,"sic"
0,"alia"
0,"valid_reason"
0,"patienc"
0,"imperi"
0,"techniqu"
0,"fanci"
0,"nanci"
0,"medal"
0,"sa"
0,"vertical-align:top"
0,"cellpad"
0,"color:#000"
0,"directori"
0,"style_color:#000"
0,"way_around"
0,"righteous"
0,"hd"
0,"visibl"
0,"fbi"
0,"commiss"
0,"testimoni"
0,"driver"
0,"react"
0,"fatal"
0,"bs"
0,"second_time"
0,"ing"
0,"ford"
0,"ther"
0,"junk"
0,"passion"
0,"spear"
0,"skill"
0,"templ"
0,"molest"
0,"suprem"
0,"trap"
0,"unknown"
0,"pleas_look"
0,"signatur"
0,"varieti"
0,"charl"
0,"railway"
0,"arena"
0,"time_can"
0,"vowel"
0,"symptom"
0,"mood"
0,"anal"
0,"can_anyon"
0,"august_utc"
0,"genus"
0,"bird"
0,"assess"
0,"hey_man"
0,"formul"
0,"know_peopl"
0,"especi_sinc"
0,"sinc_one"
0,"mount"
0,"concert"
0,"assyrian"
0,"grave"
0,"carbon"
0,"kurd"
0,"mongol"
0,"turk"
0,"inhabit"
0,"urban"
0,"loss"
0,"iraq"
0,"interfer"
0,"keep_revert"
0,"afghan"
0,"diseas"
0,"vandal_user"
0,"spend_time"
0,"rail"
0,"transport"
0,"crop"
0,"economi"
0,"soccer"
0,"spit"
0,"price"
0,"read_talk"
0,"moham"
0,"right_wrong"
0,"take_action"
0,"bishop"
0,"coincid"
0,"pattern"
0,"humour"
0,"bob"
0,"inact"
0,"poland"
0,"slavic"
0,"outrag"
0,"jeff"
0,"stretch"
0,"good_reason"
0,"6th"
0,"5th"
0,"coat_arm"
0,"profan"
0,"keyboard"
0,"re-writ"
0,"avenu"
0,"link_remov"
0,"start_new"
0,"undelet"
0,"polici_guidelin"
0,"question_can"
0,"help_get"
0,"get_better"
0,"get_one"
0,"urg"
0,"medium"
0,"time_now"
0,"syntax"
0,"one_know"
0,"vanish"
0,"let_go"
0,"denni"
0,"rick"
0,"primarili"
0,"unverifi"
0,"martial"
0,"johnni"
0,"comic"
0,"lawyer"
0,"negro"
0,"pleasur"
0,"etc_etc"
0,"tamil"
0,"disambig"
0,"forbidden"
0,"bulgarian"
0,"forgiv"
0,"enemi"
0,"mani_time"
0,"reason_block"
0,"next_week"
0,"composit"
0,"angl"
0,"fals_accus"
0,"easter"
0,"egg"
0,"neat"
0,"idea_talk"
0,"beatl"
0,"hello_pleas"
0,"repli_messag"
0,"quest"
0,"co"
0,"mountain"
0,"dragon"
0,"default"
0,"mode"
0,"primari_topic"
0,"nintendo"
0,"equat"
0,"meter"
0,"moon"
0,"smith"
0,"ad_link"
0,"hound"
0,"raw"
0,"one_user"
0,"gang"
0,"dramat"
0,"pat"
0,"commentari"
0,"wp:point"
0,"studio"
0,"section_need"
0,"doom"
0,"oblig"
0,"littl_bit"
0,"poem"
0,"expos"
0,"cheat"
0,"worth_mention"
0,"thank_head"
0,"heh"
0,"door"
0,"liberti"
0,"legal_threat"
0,"abraham"
0,"includ_inform"
0,"destruct"
0,"follow_around"
0,"provid_refer"
0,"wikilov"
0,"one_made"
0,"good_friend"
0,"messag_sent"
0,"isra"
0,"killer"
0,"elizabeth"
0,"rajput"
0,"go_fuck"
0,"drmi"
0,"discourag"
0,"withdrawn"
0,"needless"
0,"slang"
0,"thru"
0,"municip"
0,"connot"
0,"someon_add"
0,"behalf"
0,"eg"
0,"retain"
0,"coi"
0,"vacat"
0,"anytim"
0,"grand"
0,"spare"
0,"broke"
0,"say_thing"
0,"pointer"
0,"proport"
0,"good_sourc"
0,"wanna"
0,"thank_welcom"
0,"say_thank"
0,"no-on"
0,"netherland"
0,"rugbi"
0,"bust"
0,"slave"
0,"dont_think"
0,"grade"
0,"bastard"
0,"di"
0,"think_know"
0,"drunk"
0,"wealth"
0,"guarante"
0,"respond_comment"
0,"laughabl"
0,"pool"
0,"approxim"
0,"distanc"
0,"backward"
0,"can_stop"
0,"ufc"
0,"place_helpm"
0,"roger"
0,"wikilink"
0,"help_us"
0,"header"
0,"lip"
0,"ce"
0,"precious"
0,"fabric"
0,"predat"
0,"vandal_warn"
0,"domest"
0,"discuss_first"
0,"peopl_know"
0,"pleas_revert"
0,"introduc_inappropri"
0,"reason_given"
0,"blacklist"
0,"whoi"
0,"stop_revert"
0,"pal"
0,"warm"
0,"nyc"
0,"jersey"
0,"unfound"
0,"might_well"
0,"someon_can"
0,"last_name"
0,"remov_link"
0,"affili"
0,"parliament"
0,"fought"
0,"hint"
0,"well_sourc"
0,"jonathan"
0,"offlin"
0,"daniel"
0,"dec"
0,"slur"
0,"trend"
0,"prejudic"
0,"isl"
0,"brian"
0,"oop"
0,"barri"
0,"mac"
0,"british_isl"
0,"now_get"
0,"el"
0,"entertain"
0,"remov_refer"
0,"revert_revert"
0,"recent_chang"
0,"cunt"
0,"pleas_write"
0,"bogus"
0,"disprov"
0,"lot_peopl"
0,"block_can"
0,"fragment"
0,"provid_sourc"
0,"rico"
0,"ny"
0,"worldwid"
0,"athlet"
0,"stamp"
0,"prostitut"
0,"stab"
0,"graph"
0,"nice_work"
0,"also_see"
0,"black_peopl"
0,"trial"
0,"scandal"
0,"session"
0,"metro"
0,"carolina"
0,"percent"
0,"dave"
0,"legit"
0,"march_utc"
0,"make_differ"
0,"acronym"
0,"may_help"
0,"delet_request"
0,"monday"
0,"unhelp"
0,"rose"
0,"everi_day"
0,"skin"
0,"deem"
0,"northern"
0,"african_american"
0,"mind_busi"
0,"inevit"
0,"talk:wikiproject"
0,"name_convent"
0,"tidi"
0,"licenc"
0,"delet_thing"
0,"pride"
0,"handi"
0,"oh_yes"
0,"came_across"
0,"bud"
0,"ipa"
0,"hypocrisi"
0,"there"
0,"utc_thank"
0,"non-not"
0,"vendetta"
0,"notabl_enough"
0,"diagram"
0,"inform_ad"
0,"one_thank"
0,"revisit"
0,"anoth_look"
0,"look_see"
0,"atlant"
0,"hurri"
0,"expertis"
0,"immatur"
0,"howard"
0,"clown"
0,"thank_take"
0,"test_may"
0,"think_one"
0,"bait"
0,"block_pleas"
0,"meanwhil"
0,"provoc"
0,"misinform"
0,"cia"
0,"ali"
0,"gordon"
0,"elit"
0,"ministri"
0,"conced"
0,"coordin"
0,"dress"
0,"arrest"
0,"unfre"
0,"find_inform"
0,"discuss_pleas"
0,"pleas_particip"
0,"portugues"
0,"full_name"
0,"trump"
0,"mani_year"
0,"fox"
0,"rebellion"
0,"wp:coi"
0,"dialogu"
0,"continu_discuss"
0,"inc"
0,"experi_pleas"
0,"sandbox_thank"
0,"neo-nazi"
0,"antisemit"
0,"jan"
0,"wp:civil"
0,"fraudul"
0,"hmm"
0,"cow"
0,"iraqi"
0,"egypt"
0,"zionist"
0,"partisan"
0,"one_think"
0,"continu_add"
0,"summer"
0,"anyth_can"
0,"thank_repli"
0,"see_can"
0,"tri_fix"
0,"best_wish"
0,"lousi"
0,"unsupport"
0,"myspac"
0,"well_thank"
0,"um"
0,"rich"
0,"think_go"
0,"well_think"
0,"pleas_dont"
0,"dub"
0,"ohio"
0,"media_file"
0,"block_expir"
0,"contin"
0,"uncit"
0,"unsuccess"
0,"governor"
0,"evas"
0,"anniversari"
0,"georgia"
0,"trail"
0,"stock"
0,"plastic"
0,"know_thank"
0,"bizarr"
0,"link_provid"
0,"wp:four"
0,"wp:chicago"
0,"ever_heard"
0,"regim"
0,"demograph"
0,"khan"
0,"isp"
0,"net"
0,"debut"
0,"help_thank"
0,"went_ahead"
0,"airlin"
0,"three_year"
0,"admin_can"
0,"pleas_get"
0,"can_talk"
0,"ryulong"
0,"insur"
0,"presenc"
0,"realli_matter"
0,"prophet"
0,"mighti"
0,"declar"
0,"exhaust"
0,"albeit"
0,"tfd"
0,"badg"
0,"plate"
0,"pant"
0,"go_get"
0,"wall"
0,"equip"
0,"remov_sourc"
0,"credibl_sourc"
0,"dead_link"
0,"suck_dick"
0,"th"
0,"essenc"
0,"thug"
0,"larri"
0,"bash"
0,"abl_find"
0,"mouth"
0,"render"
0,"whale"
0,"particip_discuss"
0,"miser"
0,"serbian"
0,"stop_vandalis"
0,"wikit"
0,"verbal"
0,"twinkl"
0,"can_provid"
0,"escap"
0,"prison"
0,"can_come"
0,"inaccuraci"
0,"disturb"
0,"thank_review"
0,"km"
0,"lista"
0,"lewi"
0,"citizenship"
0,"witch"
0,"restart"
0,"good_know"
0,"wikifi"
0,"han"
0,"massacr"
0,"shouldnt"
0,"common_name"
0,"galleri"
0,"wat"
0,"join_discuss"
0,"wish_make"
0,"neglect"
0,"bring_attent"
0,"add_nonsens"
0,"ignor_warn"
0,"wp:bio"
0,"userspac"
0,"question_whether"
0,"hahaha"
0,"pleas_respond"
0,"make_look"
0,"smile"
0,"clueless"
0,"background-color:#f5fffa"
0,"make_comment"
0,"sourc_cite"
0,"think_better"
0,"austrian"
0,"highway"
0,"transliter"
0,"mathemat"
0,"happi_help"
0,"franci"
0,"symbol"
0,"middl_east"
0,"homo"
0,"link_refer"
0,"spoke"
0,"unilater"
0,"pete"
0,"along_line"
0,"opinion_matter"
0,"nasti"
0,"math"
0,"programm"
0,"jimmi"
0,"entir_section"
0,"put_link"
0,"satellit"
0,"bell"
0,"oppon"
0,"danish"
0,"timelin"
0,"pet"
0,"mask"
0,"stereotyp"
0,"rap"
0,"danc"
0,"pleas_delet"
0,"su"
0,"ratio"
0,"von"
0,"trick"
0,"pleas_put"
0,"kitchen"
0,"treati"
0,"vice"
0,"can_move"
0,"may_wish"
0,"sign_comment"
0,"evolv"
0,"adher"
0,"fork"
0,"depth"
0,"synopsi"
0,"mormon"
0,"weasel_word"
0,"thing_can"
0,"dimens"
0,"greg"
0,"stan"
0,"metric"
0,"exagger"
0,"castl"
0,"explos"
0,"cloud"
0,"continu_vandalis"
0,"make_unconstruct"
0,"irrelev_warn"
0,"ontario"
0,"bureaucrat"
0,"bee"
0,"flower"
0,"anna"
0,"anderson"
0,"sing"
0,"jet"
0,"diego"
0,"rot"
0,"sanchez"
0,"effici"
0,"centr"
0,"also_known"
0,"pleas_discuss"
0,"lead_block"
0,"need_updat"
0,"routin"
0,"cc"
0,"bond"
0,"someon_pleas"
0,"hill"
0,"swedish"
0,"lame"
0,"insignific"
0,"blah"
0,"hunter"
0,"lectur"
0,"blah_blah"
0,"realli_realli"
0,"recreat"
0,"workshop"
0,"fuss"
0,"sept"
0,"wasnt"
0,"must_say"
0,"didnt"
0,"condescend"
0,"get_point"
0,"wilson"
0,"comment_user"
0,"karma"
0,"read_post"
0,"uh"
0,"need_remov"
0,"pleasant"
0,"allah"
0,"defac"
0,"static"
0,"fascin"
0,"albert"
0,"whine"
0,"jayjg"
0,"ae"
0,"crystal"
0,"weather"
0,"librari"
0,"topic_ban"
0,"gas"
0,"delight"
0,"ben"
0,"benjamin"
0,"attorney"
0,"rumor"
0,"bigot"
0,"trigger"
0,"reopen"
0,"continu_revert"
0,"acid"
0,"assum_good"
0,"survivor"
0,"feet"
0,"jim"
0,"puzzl"
0,"comment_pleas"
0,"nov"
0,"can_ad"
0,"prioriti"
0,"readabl"
0,"browser"
0,"suck_cock"
0,"tell_us"
0,"smug"
0,"infer"
0,"formula"
0,"rain"
0,"one_question"
0,"pot"
0,"pend"
0,"tag_remov"
0,"make_better"
0,"noteworthi"
0,"silver"
0,"give_damn"
0,"pleas_cite"
0,"hardcor"
0,"refresh"
0,"pardon"
0,"aussi"
0,"tri_delet"
0,"one_mani"
0,"flatter"
0,"purchas"
0,"nake"
0,"undertak"
0,"florida"
0,"kosovo"
0,"go_chang"
0,"know_mean"
0,"express_opinion"
0,"grandfath"
0,"request_unblock"
0,"unblock_reason"
0,"mutual"
0,"appl"
0,"youtub_video"
0,"meaningless"
0,"serb"
0,"import_low"
0,"artifici"
0,"upper"
0,"keep_get"
0,"vandal_continu"
0,"talk:list"
0,"temporarili"
0,"facil"
0,"princip"
0,"human_right"
0,"even_mention"
0,"pointless"
0,"icon"
0,"billion"
0,"abstract"
0,"tropic"
0,"detect"
0,"rocket"
0,"sourc_one"
0,"continu_make"
0,"continu_remov"
0,"nail"
0,"thompson"
0,"credenti"
0,"tv_show"
0,"want_talk"
0,"previous_version"
0,"still_work"
0,"particl"
0,"keep_eye"
0,"time_look"
0,"punctuat"
0,"shitti"
0,"addict"
0,"batman"
0,"bracket"
0,"might_help"
0,"compliment"
0,"need_add"
0,"thank_let"
0,"misspel"
0,"dread"
0,"etern"
0,"incorrect_inform"
0,"creep"
0,"dynasti"
0,"eight"
0,"meetup"
0,"get_involv"
0,"axe"
0,"pleas_give"
0,"ethic"
0,"jealous"
0,"argentina"
0,"madrid"
0,"footbal_team"
0,"arthur"
0,"get_way"
0,"unawar"
0,"tini"
0,"talk:th"
0,"loui"
0,"redirect_talk:th"
0,"laid"
0,"inform_current"
0,"current_discuss"
0,"regard_issu"
0,"may_involv"
0,"involv_thank"
0,"interven"
0,"hominem"
0,"make_person"
0,"ad_hominem"
0,"go_talk"
0,"thank_correct"
0,"copy-edit"
0,"realli_see"
0,"seem_pretti"
0,"currenc"
0,"twin"
0,"kansa"
0,"thank_make"
0,"taylor"
0,"bound"
0,"dvd"
0,"microsoft"
0,"sonic"
0,"royalti"
0,"english-languag"
0,"basketbal"
0,"aiv"
0,"orang"
0,"chase"
0,"one_get"
0,"childish"
0,"congress"
0,"asset"
0,"off-top"
0,"see_problem"
0,"block_account"
0,"syrian"
0,"wider"
0,"evad"
0,"wikipedia:request_comment"
0,"georgian"
0,"azerbaijan"
0,"reach_consensus"
0,"need_discuss"
0,"thank_sorri"
0,"frequenc"
0,"tv_seri"
0,"make_one"
0,"sign_post"
0,"boat"
0,"ip_block"
0,"block_hour"
0,"talk_talk"
0,"keep_remov"
0,"variabl"
0,"claus"
0,"go_make"
0,"islamist"
0,"tens"
0,"emphasi"
0,"unsur"
0,"new_editor"
0,"good_start"
0,"stroke"
0,"valley"
0,"weekend"
0,"minnesota"
0,"watchlist"
0,"darn"
0,"theorem"
0,"made_mistak"
0,"arrang"
0,"atom"
0,"polici_pleas"
0,"chap"
0,"re-ad"
0,"question_talk"
0,"rabbi"
0,"undon"
0,"stop_remov"
0,"remov_block"
0,"warn_talk"
0,"sexi"
0,"unencycloped"
0,"bosnia"
0,"yes_think"
0,"sam"
0,"shadow"
0,"pleas_answer"
0,"britannica"
0,"wisconsin"
0,"earthquak"
0,"goat"
0,"unsubstanti"
0,"maximum"
0,"driven"
0,"last_one"
0,"can_improv"
0,"resembl"
0,"urdu"
0,"see_block"
0,"everywher"
0,"toxic"
0,"reward"
0,"ip_editor"
0,"problem_solv"
0,"everi_one"
0,"breed"
0,"ahh"
0,"one_look"
0,"global_warm"
0,"probabl_best"
0,"riot"
0,"violent"
0,"steam"
0,"miss_someth"
0,"great_thank"
0,"hindi"
0,"resolv_issu"
0,"chang_usernam"
0,"take_break"
0,"thank_inform"
0,"compound"
0,"pleas_repli"
0,"request_comment"
0,"josh"
0,"attack_editor"
0,"tendenti"
0,"steven"
0,"cold"
0,"make_thing"
0,"inquiri"
0,"mob"
0,"thank_input"
0,"buri"
0,"tedious"
0,"good_enough"
0,"robin"
0,"jordan"
0,"genet"
0,"crappi"
0,"realm"
0,"birthday"
0,"duh"
0,"grey"
0,"pose"
0,"tabloid"
0,"vers"
0,"biblic"
0,"go_block"
0,"smash"
0,"free_add"
0,"ad_refer"
0,"pd"
0,"think_get"
0,"shoe"
0,"ha_ha"
0,"new_jersey"
0,"hotel"
0,"never_happen"
0,"thanx"
0,"incom"
0,"tripl"
0,"girlfriend"
0,"accus_vandal"
0,"resign"
0,"heritag"
0,"dutch"
0,"unbeliev"
0,"hijack"
0,"thank_advic"
0,"uninvolv"
0,"modif"
0,"add_refer"
0,"cyclon"
0,"walker"
0,"affirm"
0,"demon"
0,"thank_respons"
0,"anyth_wrong"
0,"now_remov"
0,"sack"
0,"remov_warn"
0,"misunderstood"
0,"favourit"
0,"railroad"
0,"hello_thank"
0,"thank_creat"
0,"buddi"
0,"priest"
0,"block_peopl"
0,"sarcasm"
0,"bitter"
0,"platform"
0,"jun"
0,"muscl"
0,"mafia"
0,"polit_parti"
0,"divers"
0,"hispan"
0,"asian"
0,"peer-review"
0,"back_claim"
0,"shorten"
0,"soap"
0,"follow_rule"
0,"happi_new"
0,"new_year"
0,"talent"
0,"littl_boy"
0,"cyber"
0,"cut_past"
0,"can_easili"
0,"comedi"
0,"need_sourc"
0,"think_make"
0,"chees"
0,"discuss_thank"
0,"unit_kingdom"
0,"northern_ireland"
0,"pleas_restor"
0,"get_ban"
0,"scientolog"
0,"add_sourc"
0,"get_fact"
0,"anarchist"
0,"belat"
0,"bite"
0,"ck"
0,"confront"
0,"chang_ip"
0,"worm"
0,"hi_pleas"
0,"fuck_bitch"
0,"chain"
0,"good_see"
0,"accid"
0,"mfd"
0,"colspan"
0,"sourc_need"
0,"isbn"
0,"azerbaijani"
0,"hm"
0,"undid"
0,"block_now"
0,"rebel"
0,"ear"
0,"parker"
0,"pusher"
0,"glad_help"
0,"sunni"
0,"toy"
0,"one_one"
0,"can_keep"
0,"pov_pusher"
0,"slim"
0,"disgrac"
0,"thank_appreci"
0,"illiter"
0,"hmmm"
0,"mean_one"
0,"adapt"
0,"margin"
0,"noth_wrong"
0,"read_messag"
0,"sheet"
0,"buck"
0,"serial"
0,"ira"
0,"recognit"
0,"stuf"
0,"mrs"
0,"post_messag"
0,"golden"
0,"oi"
0,"stop_make"
0,"welcom_thank"
0,"forgotten"
0,"gee"
0,"indent"
0,"new_messag"
0,"soft"
0,"tell_truth"
0,"multipl_time"
0,"gross"
0,"first_one"
0,"sequenc"
0,"surfac"
0,"bulgaria"
0,"one_best"
0,"deletionist"
0,"unwarr"
0,"misread"
0,"exit"
0,"longest"
0,"provok"
0,"ask_help"
0,"indonesia"
0,"migrat"
0,"free_speech"
0,"long_ago"
0,"block_one"
0,"god_damn"
0,"keep_chang"
0,"anyon_know"
0,"remedi"
0,"pilot"
0,"stack"
0,"junior"
0,"thank_good"
0,"sandi"
0,"repli_talk"
0,"propos_chang"
0,"yes_know"
0,"prize"
0,"comment_discuss"
0,"hyphen"
0,"unoffici"
0,"preview"
0,"someon_know"
0,"muhammad"
0,"bald"
0,"pussi"
0,"bro"
0,"kitten"
0,"prayer"
0,"casualti"
0,"rumour"
0,"check_link"
0,"pleas_block"
0,"stop_post"
0,"brilliant"
0,"one_editor"
0,"kudo"
0,"pseudosci"
0,"remov_imag"
0,"alex"
0,"mongo"
0,"chess"
0,"becuas"
0,"punch"
0,"oh_wait"
0,"one_reason"
0,"saudi"
0,"chairman"
0,"interrupt"
0,"vandal_revert"
0,"sourc_refer"
0,"read_polici"
0,"consensus_reach"
0,"need_make"
0,"first_name"
0,"bewar"
0,"need_fix"
0,"suspend"
0,"whole_section"
0,"thank_fix"
0,"aol"
0,"lee"
0,"smack"
0,"pile"
0,"reciev"
0,"valid_sourc"
0,"flesh"
0,"u_r"
0,"toilet"
0,"spade"
0,"goodby"
0,"suggest_read"
0,"mosqu"
0,"fuel"
0,"buddhism"
0,"imag_imag"
0,"wiktionari"
0,"okay_thank"
0,"hay"
0,"got_block"
0,"simpson"
0,"temporarili_block"
0,"portug"
0,"teen"
0,"inch"
0,"request_delet"
0,"wolf"
0,"hungri"
0,"next_day"
0,"hawaii"
0,"auto"
0,"heaven"
0,"lover"
0,"know_want"
0,"totalitarian"
0,"cocksuck"
0,"withdraw"
0,"boe"
0,"sourc_also"
0,"dens"
0,"trim"
0,"make_think"
0,"jason"
0,"think_import"
0,"kit"
0,"pls"
0,"trivia_section"
0,"section_remov"
0,"look_talk"
0,"gate"
0,"eleph"
0,"yugoslavia"
0,"ad_new"
0,"delet_account"
0,"opera"
0,"nine"
0,"kind_thing"
0,"steve"
0,"delet_delet"
0,"hong"
0,"hong_kong"
0,"yanke"
0,"gift"
0,"oversight"
0,"jimmi_wale"
0,"anoth_admin"
0,"struck"
0,"lake"
0,"say_want"
0,"wrestler"
0,"put_togeth"
0,"nigga"
0,"soundtrack"
0,"somebodi_els"
0,"kurdish"
0,"bang"
0,"textbook"
0,"time_read"
0,"jerri"
0,"current_version"
0,"beliv"
0,"excit"
0,"joint"
0,"person_life"
0,"restaur"
0,"parodi"
0,"mop"
0,"thank_happi"
0,"mel"
0,"appeal_block"
0,"time_thank"
0,"see_now"
0,"thank_info"
0,"backlog"
0,"cinema"
0,"reason_remov"
0,"creek"
0,"jane"
0,"also_look"
0,"manga"
0,"masturb"
0,"sound_good"
0,"vandal_want"
0,"need_refer"
0,"chemic"
0,"imbecil"
0,"moor"
0,"reviv"
0,"hugh"
0,"barn"
0,"bold_text"
0,"cowboy"
0,"slav"
0,"profit"
0,"someon_need"
0,"mud"
0,"morri"
0,"nichola"
0,"railway_station"
0,"clariti"
0,"reassess"
0,"plot_summari"
0,"jazz"
0,"scream"
0,"fascism"
0,"neck"
0,"norman"
0,"agre_remov"
0,"hes"
0,"turkic"
0,"post_link"
0,"got_delet"
0,"live_peopl"
0,"also_remov"
0,"laden"
0,"orbit"
0,"read_sourc"
0,"crush"
0,"geek"
0,"hurrican"
0,"finnish"
0,"irrit"
0,"tweak"
0,"beast"
0,"reign"
0,"mister"
0,"categoris"
0,"propos_merg"
0,"world_cup"
0,"todd"
0,"thank_point"
0,"donald"
0,"commend"
0,"clan"
0,"now_say"
0,"mo"
0,"prev"
0,"merri"
0,"merri_christma"
0,"afc"
0,"wreck"
0,"snow"
0,"standard-talk"
0,"messagebox_standard-talk"
0,"unjust"
0,"regiment"
0,"make_statement"
0,"pleas_can"
0,"know_know"
0,"mum"
0,"cyprus"
0,"dish"
0,"aaron"
0,"peak"
0,"wikipedia:featur"
0,"thing_happen"
0,"say_can"
0,"sr"
0,"redirect_talk:list"
0,"michigan"
0,"advert"
0,"read_comment"
0,"ray"
0,"fl"
0,"pleas_fix"
0,"norm"
0,"secular"
0,"long_enough"
0,"get_lost"
0,"utc_well"
0,"vfd"
0,"sand"
0,"motto"
0,"trek"
0,"star_trek"
0,"keith"
0,"need_work"
0,"overlook"
0,"interwiki"
0,"done_anyth"
0,"algorithm"
0,"warn_user"
0,"gari"
0,"euro"
0,"communism"
0,"melbourn"
0,"ma"
0,"brook"
0,"u_know"
0,"quantum"
0,"contribut_welcom"
0,"wikia"
0,"bangladesh"
0,"plz"
0,"reckon"
0,"hail"
0,"guild"
0,"potter"
0,"barack_obama"
0,"charli"
0,"tha"
0,"cop"
0,"nobel"
0,"hater"
0,"shut_fuck"
0,"fanboy"
0,"victoria"
0,"rice"
0,"ok_now"
0,"sheep"
0,"rage"
0,"oppress"
0,"dad"
0,"estat"
0,"dictatorship"
0,"wp:aiv"
0,"remov_thank"
0,"omg"
0,"shirt"
0,"actual_read"
0,"wp:an"
0,"commi"
0,"preach"
0,"ala"
0,"aug"
0,"carol"
0,"firefox"
0,"awhil"
0,"certifi"
0,"gan"
0,"know_need"
0,"harras"
0,"vandal_talk"
0,"quran"
0,"est"
0,"ranger"
0,"hatnot"
0,"chick"
0,"wannab"
0,"jacob"
0,"prev_oldid"
0,"emperor"
0,"ape"
0,"lifetim"
0,"constitut_vandal"
0,"os"
0,"task_forc"
0,"alt"
0,"lincoln"
0,"ir"
0,"go_kill"
0,"cambridg"
0,"weed"
0,"still_block"
0,"may_pleas"
0,"bosnian"
0,"whoop"
0,"karl"
0,"block_thank"
0,"nato"
0,"#2"
0,"naughti"
0,"nelson"
0,"done_thank"
0,"refer_ad"
0,"that'll"
0,"ant"
0,"dumbass"
0,"seattl"
0,"snake"
0,"consol"
0,"elector"
-0.000660102270010456,"request"
-0.00150288687119177,"help"
-0.00526051462149916,"sinc"
-0.00795888725732693,"origin"
-0.0147549193371978,"consid"
-0.0185773922625943,"add"
-0.0187323524047257,"interest"
-0.0191118181755818,"issu"
-0.0222215392463888,"might"
-0.0229443792330827,"question"
-0.0249892371214811,"agre"
-0.0314794836899914,"case"
-0.042601447461036,"two"
-0.0450312319873325,"howev"
-0.0497600580209164,"one"
-0.0539836217423075,"point"
-0.0678224474847827,"redirect"
-0.0712428234333412,"mention"
-0.0717316532768742,"refer"
-0.0792349965106771,"includ"
-0.0813082801390817,"list"
-0.108983721165665,"see"
-0.116640880058184,"discuss"
-0.124217661521195,"section"
-0.125924661389279,"sourc"
-0.128892047261488,"seem"
-0.14987659732393,"also"
-0.168319633030653,"may"
-0.289964802379718,"pleas"
-0.534295416231432,"thank"
